Synset ID,Definition,Members,Previous Hypernyms,New Hypernym ID,New Hypernym Definition,New Hypernym Members
02376443-v,shun the company of others,keep to oneself,,00813811-v,avoid and stay away from deliberately; stay clear of,"shun, eschew"
02378876-v,insist on having one's opinions and rights recognized,"assert, put forward",00010428-v,02523827-v,behave in a certain manner,"behave, acquit, bear, deport, conduct, comport, carry"
02382855-v,behave in a certain way towards others,deal,00010428-v,02523827-v,behave in a certain manner,"behave, acquit, bear, deport, conduct, comport, carry"
02383421-v,"be inactive, as if asleep",lie dormant,,02610777-v,"have the quality of being; (copula, used with an adjective or a predicate noun)",be
02384670-v,"begin work or acting in a certain capacity, office or job","start, take up",,00346415-v,take the first step or steps in carrying out an action,"get down, begin, get, start out, start, set about, set out, commence"
02389183-v,put into an office or a position,"install, instal",,01496967-v,put into a certain place or abstract location,"put, set, place, pose, position, lay"
02391408-v,be ordained; enter the Christian ministry,take orders,,01084999-v,become a participant; be involved in,"enter, participate"
02409366-v,remove from a position or an office,remove,,02372362-v,"perform an action, or work out or perform (an action)","act, do"
02410046-v,cause to leave,"take out, move out, remove",,00772482-v,cause to do; cause to act in a specified manner,"induce, stimulate, cause, have, get, make"
02411715-v,be the successor (of),"succeed, come after, follow",,02610777-v,"have the quality of being; (copula, used with an adjective or a predicate noun)",be
02412896-v,be the predecessor of,"precede, come before",,02610777-v,"have the quality of being; (copula, used with an adjective or a predicate noun)",be
02414542-v,engage or hire for work,"hire, engage, employ",,02380222-v,carry out or participate in an activity; be involved in,"prosecute, engage, pursue"
02415985-v,be employed,"work, do work",,02610777-v,"have the quality of being; (copula, used with an adjective or a predicate noun)",be
02417219-v,be relieved of one's duties temporarily,get off,,02610777-v,"have the quality of being; (copula, used with an adjective or a predicate noun)",be
02418610-v,exert oneself by doing mental or physical work for a purpose or out of necessity; work,work,,02376902-v,make a great effort at a mental or physical task,exert
02422604-v,be idle; exist in a changeless situation,"idle, laze, slug, stagnate",,02609706-v,"have an existence, be extant","exist, be"
02423521-v,engage in recreational activities rather than work; occupy oneself in a diversion,"play, recreate",,02380222-v,carry out or participate in an activity; be involved in,"prosecute, engage, pursue"
02423786-v,be at play; be engaged in playful activity; amuse oneself in a way characteristic of children,play,02372362-v,02424173-v,"be engaged in an activity, often for no particular purpose other than pleasure",act
02424366-v,drive without any particular aim,drive around,02372362-v,02424173-v,"be engaged in an activity, often for no particular purpose other than pleasure",act
02424538-v,walk randomly,walk around,02372362-v,02424173-v,"be engaged in an activity, often for no particular purpose other than pleasure",act
02426474-v,grant freedom to; free from confinement,"free, liberate, release, unloose, unloosen, loose",,02260270-v,let have,"allow, grant"
02427126-v,free from obligations or duties,"free, discharge",,02372362-v,"perform an action, or work out or perform (an action)","act, do"
02427979-v,make it possible through a specific action or lack of action for something to happen,"let, allow, permit",,01620211-v,make or cause to be or to become,"make, create"
02428446-v,allow the other (baseball) team to score,"give up, allow",,02427979-v,make it possible through a specific action or lack of action for something to happen,"let, allow, permit"
02428558-v,"consciously restrain from showing; of emotions, desires, impulses, or behavior","inhibit, bottle up, suppress",,00233707-v,prevent the action or expression of,"restrain, keep, keep back, hold back"
02429499-v,come down on or keep down by unjust use of one's authority,"oppress, suppress, crush",,02372362-v,"perform an action, or work out or perform (an action)","act, do"
02431018-v,start to operate or function or cause to start operating or functioning,"open, open up",,00346415-v,take the first step or steps in carrying out an action,"get down, begin, get, start out, start, set about, set out, commence"
02431242-v,cease to operate or cause to cease operating,"close up, close, fold, shut down, close down",,02686624-v,put an end to a state or an activity,"discontinue, stop, cease, give up, quit, lay off"
02432181-v,do away with,"abolish, get rid of",,00572138-v,get rid of something abstract,"remove, take away"
02436167-v,discontinue an association or relation; go different ways,"separate, part, split up, split, break, break up",,02686624-v,put an end to a state or an activity,"discontinue, stop, cease, give up, quit, lay off"
02439706-v,to take one's place in a military formation or line,fall in,,02399325-v,"assume, as of positions or roles","fill, take, occupy"
02439823-v,become part of; become a member of a group or organization,"join, fall in, get together",,00149403-v,enter or assume a certain state or condition,"become, go, get"
02440987-v,remove the organization from,"disorganize, disorganise",,02410046-v,cause to leave,"take out, move out, remove"
02445887-v,exercise authoritative control or power over,"control, command",,01168409-v,put to use,"exert, exercise"
02449965-v,cause to be no longer approved or accepted,"decertify, derecognize, derecognise",,00772482-v,cause to do; cause to act in a specified manner,"induce, stimulate, cause, have, get, make"
02450790-v,"work in a specific place, with a specific subject, or in a specific function","be, follow",,02415985-v,be employed,"work, do work"
02455370-v,stop (someone or something) from doing something or being in a certain state,"prevent, keep",,02686624-v,put an end to a state or an activity,"discontinue, stop, cease, give up, quit, lay off"
02458316-v,keep from happening or arising; make impossible,"prevent, forestall, foreclose, preclude, forbid",,02687605-v,"cause to continue in a certain state, position, or activity","keep, maintain, hold"
02468933-v,refrain from doing something,avoid,,02731589-v,resist doing something,"refrain, forbear"
02479313-v,be guided by in voting,vote,,02610777-v,"have the quality of being; (copula, used with an adjective or a predicate noun)",be
02481345-v,"assign a duty, responsibility or obligation to","appoint, charge",,02372362-v,"perform an action, or work out or perform (an action)","act, do"
02483178-v,postpone indefinitely or annul something that was scheduled,"cancel, call off, scratch, scrub",,02648898-v,hold back to a later time,"postpone, prorogue, hold over, put over, table, shelve, set back, defer, remit, put off"
02487489-v,open (a place) to members of all races and ethnic groups,"desegregate, integrate, mix",,01348685-v,cause to open or to become open,"open, open up"
02492581-v,get together socially or for a specific purpose,"meet, get together",,02372362-v,"perform an action, or work out or perform (an action)","act, do"
02493817-v,give one's name or calling card to a servant when making a formal visit,send in,,02204104-v,transfer possession of something concrete or abstract to somebody,give
02500687-v,deprive of freedom; take into confinement,"confine, detain",,02372362-v,"perform an action, or work out or perform (an action)","act, do"
02503641-v,call before a court to answer an indictment,arraign,,00755926-v,"order, summon, or request for a specific duty or activity, work, role",call
02505278-v,impose a penalty on; inflict punishment on,"punish, penalize, penalise",,00750288-v,impose something unpleasant,"inflict, bring down, visit, impose"
02506046-v,receive punishment,get it,,02113108-v,receive as a retribution or punishment,"get, receive"
02506138-v,receive punishment; be scolded or reprimanded,catch it,,02113108-v,receive as a retribution or punishment,"get, receive"
02508565-v,refuse entrance or membership,"reject, turn down, turn away, refuse",,02217607-v,refuse to let have,"deny, refuse"
02516942-v,give free rein to,indulge,,02321848-v,"cause to have, in the abstract sense or physical sense",give
02523827-v,behave in a certain manner,"behave, acquit, bear, deport, conduct, comport, carry",,01604155-v,support or hold in a certain manner,"hold, carry, bear"
02523827-v,behave in a certain manner,"behave, acquit, bear, deport, conduct, comport, carry",,02372362-v,"perform an action, or work out or perform (an action)","act, do"
02524291-v,behave in a certain manner or have certain properties,walk around,00010428-v,02523827-v,behave in a certain manner,"behave, acquit, bear, deport, conduct, comport, carry"
02524849-v,behave affectedly or unnaturally in order to impress others,"pose, posture",00010428-v,02523827-v,behave in a certain manner,"behave, acquit, bear, deport, conduct, comport, carry"
02527985-v,fall short in what is expected,fail,,02610777-v,"have the quality of being; (copula, used with an adjective or a predicate noun)",be
02528887-v,carry on or function,"do, manage",,02685709-v,keep or maintain in unaltered condition; cause to remain or last,"continue, uphold, carry on, bear on, preserve"
02529187-v,fail to get a passing grade,"fail, flunk, bomb, flush it",,02534950-v,fail to do something; leave something undone,"fail, neglect"
02529837-v,attain success or reach a desired goal,"succeed, win, come through, bring home the bacon, deliver the goods",,02372362-v,"perform an action, or work out or perform (an action)","act, do"
02534046-v,be unsuccessful,"fail, go wrong, miscarry",,02610777-v,"have the quality of being; (copula, used with an adjective or a predicate noun)",be
02534950-v,fail to do something; leave something undone,"fail, neglect",,02372362-v,"perform an action, or work out or perform (an action)","act, do"
02538552-v,"try something new, as in order to gain experience","experiment, try out",,02535833-v,make an effort or attempt,"try, seek, attempt, essay, assay"
02539728-v,do without or cease to hold or adhere to,"waive, relinquish, forgo, forego, foreswear, dispense with",,02372362-v,"perform an action, or work out or perform (an action)","act, do"
02540602-v,seek someone's favor,"woo, court",,02245263-v,try to get or reach,seek
02541026-v,attract attention onto oneself,"take the stage, take stage",,01507886-v,direct toward itself or oneself by means of some psychological power or physical attributes,"attract, pull, pull in, draw, draw in"
02545454-v,look after a child until it is an adult,"rear, raise, bring up, nurture, parent",,02555993-v,provide care for,"care, give care"
02552922-v,bring shame or dishonor upon,"dishonor, disgrace, dishonour, attaint, shame",,01441539-v,cause to come into a particular state or condition,bring
02557299-v,save from sins,"deliver, redeem, save",,02557529-v,bring into safety,"save, carry through, pull through, bring through"
02557529-v,bring into safety,"save, carry through, pull through, bring through",,01632781-v,cause to happen or to occur as a consequence,"bring, work, play, wreak, make for"
02561834-v,"give moral or psychological support, aid, or courage to","support, back up",,02321848-v,"cause to have, in the abstract sense or physical sense",give
02566500-v,engage in,"make, do",,02380222-v,carry out or participate in an activity; be involved in,"prosecute, engage, pursue"
02567247-v,avail oneself to,"practice, apply, use",,02372362-v,"perform an action, or work out or perform (an action)","act, do"
02570061-v,grant relief or an exemption from a rule or requirement to,"exempt, relieve, free",,02260270-v,let have,"allow, grant"
02572007-v,lose one's chastity,fall,,02292634-v,"fail to keep or to maintain; cease to have, either physically or in an abstract sense",lose
02574587-v,carry out or practice; as of jobs and professions,"practice, practise, exercise, do",,02380222-v,carry out or participate in an activity; be involved in,"prosecute, engage, pursue"
02584595-v,behave as expected during of holidays or rites,"observe, celebrate, keep",,00010428-v,behave in a certain manner; show a certain behavior; conduct or comport oneself,"act, behave, do"
02584957-v,conform one's action or practice to,"observe, keep",,02547977-v,"act in accordance with someone's rules, commands, or wishes","comply, follow, abide by"
02587562-v,bring a criminal action against (in a trial),prosecute,,01621566-v,advance or set forth in court,"institute, bring"
02587760-v,be the defense counsel for someone in a trial,"defend, represent",,02610777-v,"have the quality of being; (copula, used with an adjective or a predicate noun)",be
02596409-v,develop a habit,take,,00546637-v,gain through experience,"develop, acquire, evolve"
02600625-v,cause a group or mass of people to act on an impulse or hurriedly and impulsively,stampede,,00772482-v,cause to do; cause to act in a specified manner,"induce, stimulate, cause, have, get, make"
02601837-v,"be inactive, refrain from acting",rest,,02610777-v,"have the quality of being; (copula, used with an adjective or a predicate noun)",be
02602110-v,get to know; get acquainted with,meet,,00149403-v,enter or assume a certain state or condition,"become, go, get"
02602272-v,attend a dance or a party without a female companion,stag,,02618797-v,"be present at (meetings, church services, university), etc.","attend, go to"
02602368-v,almost do or experience something,come near,,02372362-v,"perform an action, or work out or perform (an action)","act, do"
02603092-v,get involved or mixed-up with,mingle,,00149403-v,enter or assume a certain state or condition,"become, go, get"
02603759-v,"present oneself formally, as before a (judicial) authority",appear,,01853188-v,"move toward, travel toward something or somebody or approach something or somebody","come, come up"
02604140-v,get people together,"assemble, gather, get together",,02309962-v,get or gather together,"roll up, collect, accumulate, pile up, amass, compile, hoard"
02604762-v,come into the company of,join,,00543200-v,"reach or enter a state, relation, condition, use, or position",come
02605525-v,be unable,fail,,02610777-v,"have the quality of being; (copula, used with an adjective or a predicate noun)",be
02606776-v,develop a habit; apply oneself to a practice or occupation,take to,,00546637-v,gain through experience,"develop, acquire, evolve"
02609706-v,"have an existence, be extant","exist, be",,02610777-v,"have the quality of being; (copula, used with an adjective or a predicate noun)",be
02614382-v,"have a beginning, in a temporal, spatial, or evaluative sense","begin, start",,02372362-v,"perform an action, or work out or perform (an action)","act, do"
02615799-v,"have an end, in a temporal, spatial, or quantitative sense; either spatial or metaphorical","end, stop, finish, terminate, cease",,02208144-v,"have or possess, either in a concrete or an abstract sense","have, have got, hold"
02620216-v,"have life, be alive","be, live",,02208144-v,"have or possess, either in a concrete or an abstract sense","have, have got, hold"
02620422-v,lead a certain kind of life; live in a certain style,live,,02372362-v,"perform an action, or work out or perform (an action)","act, do"
02621023-v,pursue a positive and satisfying existence,live,,02380222-v,carry out or participate in an activity; be involved in,"prosecute, engage, pursue"
02622439-v,be identical to; be someone or something,be,,02610777-v,"have the quality of being; (copula, used with an adjective or a predicate noun)",be
02622766-v,support oneself,"exist, survive, live, subsist",,02223876-v,support materially or financially,support
02623851-v,"pass, fare, or elapse; of a certain state of affairs or action",go,,01996535-v,"move forward, also in the metaphorical sense","advance, progress, pass on, move on, march on, go on"
02624202-v,continue to live and avoid dying,"survive, last, live, live on, go, endure, hold up, hold out",,02690747-v,"continue a certain state, condition, or activity","continue, go on, proceed, go along, keep"
02625202-v,hang on during a trial of endurance,"last out, stay, ride out, outride",,00351115-v,"be persistent, refuse to stop","persevere, persist, hang in, hang on, hold on"
02625819-v,live longer than,"outlive, outlast, survive",,02620216-v,"have life, be alive","be, live"
02626667-v,form or compose,"constitute, represent, make up, comprise, be",,02208144-v,"have or possess, either in a concrete or an abstract sense","have, have got, hold"
02627934-v,act as a barrier between; stand between,"separate, divide",,02531113-v,have an effect or outcome; often the one desired or expected,"work, act"
02628315-v,be or become joined or united or linked,"connect, link, link up, join, unite",,02372362-v,"perform an action, or work out or perform (an action)","act, do"
02629610-v,come into existence,become,,00109468-v,undergo a change; become different in essence; losing one's or its original nature,change
02633747-v,come from,originate in,,02749089-v,be a native of,"hail, come"
02634015-v,"require as useful, just, or proper","necessitate, ask, postulate, need, require, take, involve, call for, demand",,02208144-v,"have or possess, either in a concrete or an abstract sense","have, have got, hold"
02635337-v,get rid of something,"obviate, rid of, eliminate",,02228837-v,dispose of,"get rid of, remove"
02636270-v,have as a feature,"have, feature",,02610777-v,"have the quality of being; (copula, used with an adjective or a predicate noun)",be
02638434-v,be without,"miss, lack",,02610777-v,"have the quality of being; (copula, used with an adjective or a predicate noun)",be
02638919-v,be absent,miss,,02610777-v,"have the quality of being; (copula, used with an adjective or a predicate noun)",be
02639021-v,"have as a part, be made up out of",include,,02208144-v,"have or possess, either in a concrete or an abstract sense","have, have got, hold"
02644022-v,stay in one place and anticipate or expect something,wait,,01861378-v,stay put (in a certain place),"stay, stick, stick around, stay put"
02644022-v,stay in one place and anticipate or expect something,wait,,00721987-v,look forward to the probable occurrence of,"expect, look, await, wait"
02646524-v,pause or hold back in uncertainty or unwillingness,"hesitate, waver, waffle",,02647119-v,interrupt temporarily an activity before continuing,"hesitate, pause"
02648694-v,postpone or delay needlessly,procrastinate,,02648898-v,hold back to a later time,"postpone, prorogue, hold over, put over, table, shelve, set back, defer, remit, put off"
02650318-v,"be larger in number, quantity, power, status or importance","predominate, dominate, rule, reign, prevail",,02610777-v,"have the quality of being; (copula, used with an adjective or a predicate noun)",be
02653900-v,endure,stick,01861378-v,02736899-v,stay behind,"persist, remain, stay"
02659957-v,be awarded; be allotted,go,,02610777-v,"have the quality of being; (copula, used with an adjective or a predicate noun)",be
02661230-v,occupy a certain position or area; be somewhere,be,,02610777-v,"have the quality of being; (copula, used with an adjective or a predicate noun)",be
02664361-v,be verified or confirmed; pass inspection,"check, check out",,02530710-v,go successfully through a test or a selection process,"pass, make it"
02669057-v,"be similar, be in line with",conform,,02610777-v,"have the quality of being; (copula, used with an adjective or a predicate noun)",be
02669926-v,"be dependent on, as for support or maintenance","depend on, rely on",,02610777-v,"have the quality of being; (copula, used with an adjective or a predicate noun)",be
02670095-v,put trust in with confidence,"depend on, depend upon, rely on, rely upon",,00690278-v,have confidence or faith in,trust
02670846-v,be identical or equivalent to,"equal, be",,02610777-v,"have the quality of being; (copula, used with an adjective or a predicate noun)",be
02671069-v,be tantamount or equivalent to,amount,,02610777-v,"have the quality of being; (copula, used with an adjective or a predicate noun)",be
02672316-v,be different,differ,,00109468-v,undergo a change; become different in essence; losing one's or its original nature,change
02674312-v,fail to agree with; be in violation of; as of rules or patterns,"violate, go against, break",,02534950-v,fail to do something; leave something undone,"fail, neglect"
02675266-v,be greater in scope or size than some standard,"exceed, transcend, surpass",,02610777-v,"have the quality of being; (copula, used with an adjective or a predicate noun)",be
02677550-v,"fail to satisfy, as of expectations, for example",fall short of,,02534950-v,fail to do something; leave something undone,"fail, neglect"
02679419-v,throw out of balance or equilibrium,unbalance,,02686624-v,put an end to a state or an activity,"discontinue, stop, cease, give up, quit, lay off"
02679754-v,distinguish oneself,"excel, stand out, surpass",,00652006-v,mark as different,"distinguish, separate, differentiate, secern, secernate, severalize, severalise, tell, tell apart"
02681865-v,be relevant to,"refer, pertain, relate, concern, come to, bear on, touch, touch on, have to do with",,02610777-v,"have the quality of being; (copula, used with an adjective or a predicate noun)",be
02684248-v,be on the mind of,"concern, interest, occupy, worry",,02610777-v,"have the quality of being; (copula, used with an adjective or a predicate noun)",be
02685037-v,"be the first item or point, constitute the beginning or start, come first in a series",begin,,02610777-v,"have the quality of being; (copula, used with an adjective or a predicate noun)",be
02686624-v,put an end to a state or an activity,"discontinue, stop, cease, give up, quit, lay off",,00126072-v,cause to change; make different; cause a transformation,"change, alter, modify"
02687449-v,cause to give up a habit,break,,00772482-v,cause to do; cause to act in a specified manner,"induce, stimulate, cause, have, get, make"
02687605-v,"cause to continue in a certain state, position, or activity","keep, maintain, hold",,00772482-v,cause to do; cause to act in a specified manner,"induce, stimulate, cause, have, get, make"
02693093-v,occur in soft rounded shapes,"roll, undulate",,02618403-v,to be found to exist,occur
02693227-v,be ahead of others; be the first,"lead, top",,02610777-v,"have the quality of being; (copula, used with an adjective or a predicate noun)",be
02706526-v,"be sounded, played, or expressed",go,,02139513-v,give off a certain sound or sounds,sound
02706632-v,be contained in,go,,02610777-v,"have the quality of being; (copula, used with an adjective or a predicate noun)",be
02709149-v,"give in, as to influence or pressure","yield, relent, soften",,00799359-v,give an affirmative reply to; respond favorably to,"accept, consent, go for"
02711692-v,be noncommittal,straddle,,02610777-v,"have the quality of being; (copula, used with an adjective or a predicate noun)",be
02713289-v,be applicable to; as to an analysis,"lend oneself, apply",,02610777-v,"have the quality of being; (copula, used with an adjective or a predicate noun)",be
02714280-v,use up a period of time in a specific way,"spend, pass",,01159815-v,use up (resources or materials),"consume, eat up, use up, eat, deplete, exhaust, run through, wipe out"
02715780-v,extend in a different direction,diverge,,02691775-v,"stretch out over a distance, space, time, or scope; run or extend between two points or beyond a certain point","run, go, pass, lead, extend"
02716276-v,be adjacent or come together,"converge, meet",,02610777-v,"have the quality of being; (copula, used with an adjective or a predicate noun)",be
02717862-v,be contingent on,"depend on, devolve on, depend upon, ride, turn on, hinge on, hinge upon",,02610777-v,"have the quality of being; (copula, used with an adjective or a predicate noun)",be
02718318-v,be earlier in time; go back further,"predate, precede, forego, forgo, antecede, antedate",,02610777-v,"have the quality of being; (copula, used with an adjective or a predicate noun)",be
02718647-v,be later in time,"postdate, follow",,02610777-v,"have the quality of being; (copula, used with an adjective or a predicate noun)",be
02719247-v,extend out or project in space,"stick out, protrude, jut out, jut, project",,00027698-v,thrust or extend out,"exsert, stretch out, put out, extend, hold out, stretch forth"
02719932-v,force (molten rock) into pre-existing rock,thrust,,01875972-v,move with force,"push, force"
02720606-v,cause to bulge out or project,protuberate,,00772482-v,cause to do; cause to act in a specified manner,"induce, stimulate, cause, have, get, make"
02722040-v,be present or associated with an event or entity,"attach to, accompany, come with, go with",,02610777-v,"have the quality of being; (copula, used with an adjective or a predicate noun)",be
02724891-v,be in a huff and display one's displeasure,"sulk, pout, brood",,02610777-v,"have the quality of being; (copula, used with an adjective or a predicate noun)",be
02725805-v,be a part or adjunct,"belong to, belong",,02610777-v,"have the quality of being; (copula, used with an adjective or a predicate noun)",be
02726572-v,to bring something about at a later time than,follow,,01632781-v,cause to happen or to occur as a consequence,"bring, work, play, wreak, make for"
02728324-v,be received or accepted or interpreted in a specific way,play,,02137900-v,give a certain impression of being something or having a certain aspect,"look, appear, seem"
02731589-v,resist doing something,"refrain, forbear",,01119003-v,stand up or offer resistance to somebody or something,"resist, hold out, withstand, stand firm"
02736010-v,have left or have as a remainder,leave,02208144-v,02209880-v,have left,have
02736899-v,stay behind,"persist, remain, stay",,02372362-v,"perform an action, or work out or perform (an action)","act, do"
02737117-v,remain present although waning or gradually dying,linger,01861378-v,02736899-v,stay behind,"persist, remain, stay"
02738673-v,have room for; hold without crowding,"accommodate, hold, admit",,02208144-v,"have or possess, either in a concrete or an abstract sense","have, have got, hold"
02739681-v,be recorded or remembered,go down,,02137900-v,give a certain impression of being something or having a certain aspect,"look, appear, seem"
02740528-v,undergo being photographed in a certain way,photograph,,02137900-v,give a certain impression of being something or having a certain aspect,"look, appear, seem"
02742134-v,be used or required for,go into,,02610777-v,"have the quality of being; (copula, used with an adjective or a predicate noun)",be
02743062-v,"come from; be connected by a relationship of blood, for example","derive, come, descend",,02610777-v,"have the quality of being; (copula, used with an adjective or a predicate noun)",be
02746620-v,be confronted with,have,,02610777-v,"have the quality of being; (copula, used with an adjective or a predicate noun)",be
02746734-v,be sufficiently competent in a certain situation,hold one's own,,02610777-v,"have the quality of being; (copula, used with an adjective or a predicate noun)",be
02746878-v,be exhibited,hang,,02610777-v,"have the quality of being; (copula, used with an adjective or a predicate noun)",be
02747024-v,"have a range; be capable of projecting over a certain distance, as of a gun",range,,02610777-v,"have the quality of being; (copula, used with an adjective or a predicate noun)",be
02747557-v,give access or entrance to,admit,,00750978-v,allow to have or take,give
02747668-v,show grammatical agreement,agree,,00925764-v,"indicate a place, direction, person, or thing; either spatially or figuratively","indicate, point, designate, show"
02748107-v,have certain properties when driven,"drive, ride",,02208144-v,"have or possess, either in a concrete or an abstract sense","have, have got, hold"
02748357-v,have a specified degree of importance,mean,,02208144-v,"have or possess, either in a concrete or an abstract sense","have, have got, hold"
02749796-v,come forth,"issue forth, come",,01839438-v,"change location; move, travel, or proceed, also metaphorically","travel, go, move, locomote"
02750326-v,have the financial means to do something or buy something,afford,,02208144-v,"have or possess, either in a concrete or an abstract sense","have, have got, hold"
02750526-v,have an opening or passage or outlet,open,,02208144-v,"have or possess, either in a concrete or an abstract sense","have, have got, hold"
02751361-v,afford possibility,"admit, allow",,02208144-v,"have or possess, either in a concrete or an abstract sense","have, have got, hold"
90001891-v,to be temporarily popular,trend,,02610777-v,"have the quality of being; (copula, used with an adjective or a predicate noun)",be
02762779-v,fall from clouds,"precipitate, come down, fall",,01976312-v,descend in free fall under the influence of gravity,fall
02764784-v,"be very cold, below the freezing point",freeze,,02610777-v,"have the quality of being; (copula, used with an adjective or a predicate noun)",be
02767855-v,"put out, as of fires, flames, or lights","snuff out, blow out, extinguish, quench",,02686624-v,put an end to a state or an activity,"discontinue, stop, cease, give up, quit, lay off"
02768426-v,cause to burn or combust,"burn, combust",,00772482-v,cause to do; cause to act in a specified manner,"induce, stimulate, cause, have, get, make"
02769241-v,throw or flash the light of (a lamp),shine,,00425822-v,emit a brief burst of light,flash
02769698-v,"emit light; be bright, as of the sun or a light","shine, beam",,02773266-v,"give off, send forth, or discharge; as of light, heat, or radiation, vapor, etc.","emit, give out, give off"
02771422-v,suck or take up or in,"absorb, take in",,01543237-v,take up a liquid or a gas either by adsorption or by absorption,"sorb, take up"
02773266-v,"give off, send forth, or discharge; as of light, heat, or radiation, vapor, etc.","emit, give out, give off",,01381221-v,distribute or disperse widely,"spread, distribute"
02775199-v,be blowing or storming,blow,,02372362-v,"perform an action, or work out or perform (an action)","act, do"
02776128-v,"rain, hail, or snow hard and be very windy, often with thunder or lightning",storm,,02762779-v,fall from clouds,"precipitate, come down, fall"
02776493-v,be the case that thunder is being heard,"thunder, boom",,02180712-v,make a certain noise or sound,"sound, go"
02777127-v,become clear,"clear up, clear, light up, brighten",,00149403-v,enter or assume a certain state or condition,"become, go, get"
01159300-v,"serve oneself to, or consume regularly","consume, ingest, take in, take, have",,02372362-v,"perform an action, or work out or perform (an action)","act, do"
01159815-v,use up (resources or materials),"consume, eat up, use up, eat, deplete, exhaust, run through, wipe out",02372362-v,02271905-v,pay out,"spend, expend, drop"
01160800-v,use frugally or carefully,spare,01159815-v,01160888-v,"use up, consume fully","use, expend"
01161188-v,put into service; make work or employ for a particular purpose or for its inherent or natural purpose,"use, utilize, utilise, apply, employ",,02372362-v,"perform an action, or work out or perform (an action)","act, do"
01170802-v,take in solid food,eat,,01159300-v,"serve oneself to, or consume regularly","consume, ingest, take in, take, have"
01190875-v,"be sated, have enough to eat",be full,,02610777-v,"have the quality of being; (copula, used with an adjective or a predicate noun)",be
01191646-v,have or feel a need for,need,,02208144-v,"have or possess, either in a concrete or an abstract sense","have, have got, hold"
01193481-v,take delight in,"delight, enjoy, revel",,01775456-v,undergo an emotional sensation or be in a particular state of mind,"feel, experience"
01195525-v,be spent,go,,00428350-v,cease to exist,"vanish, disappear"
01198570-v,choose not to consume,"abstain, refrain, desist",,00681308-v,select as an alternative over another,"choose, prefer, opt"
01200388-v,produce by metabolism,"metabolize, metabolise",,01756303-v,bring forth or yield,"produce, bring forth"
01203572-v,"get high, stoned, or drugged","trip, trip out, turn on, get off",,01775456-v,undergo an emotional sensation or be in a particular state of mind,"feel, experience"
01204494-v,pass through the esophagus as part of eating or drinking,"swallow, get down",,01170802-v,take in solid food,eat
01207951-v,be ingested,go down,,00428350-v,cease to exist,"vanish, disappear"
90004861-v,to be under the influence of methamphetamine,tweak,,01203572-v,"get high, stoned, or drugged","trip, trip out, turn on, get off"
01835473-v,"move so as to change position, perform a nontranslational motion",move,,00122978-v,"become different in some particular way, without permanently losing one's or its former characteristics or essence","change, alter, vary"
01838427-v,remain in place; hold still; remain fixed or immobile,stand still,,02733337-v,"continue in a place, position, or situation","stay, stay on, continue, remain"
01839045-v,cause to get stuck as if in a mire,"mire, bog down",,00772482-v,cause to do; cause to act in a specified manner,"induce, stimulate, cause, have, get, make"
01839438-v,"change location; move, travel, or proceed, also metaphorically","travel, go, move, locomote",,00122978-v,"become different in some particular way, without permanently losing one's or its former characteristics or essence","change, alter, vary"
01846997-v,make a trip for pleasure,"travel, trip, jaunt",,01839438-v,"change location; move, travel, or proceed, also metaphorically","travel, go, move, locomote"
01847990-v,come to see in an official or professional capacity,"visit, inspect",,01853188-v,"move toward, travel toward something or somebody or approach something or somebody","come, come up"
01852000-v,cause to fly or float,fly,,00772482-v,cause to do; cause to act in a specified manner,"induce, stimulate, cause, have, get, make"
01852297-v,be stationary,stay in place,,02610777-v,"have the quality of being; (copula, used with an adjective or a predicate noun)",be
01854282-v,"cause to move or shift into a new position or place, both in a concrete and in an abstract sense","move, displace",,00772482-v,cause to do; cause to act in a specified manner,"induce, stimulate, cause, have, get, make"
01858665-v,remove or draw away by the force of suction,suction,,00173351-v,"remove something concrete, as by lifting, pushing, or taking off, or remove something abstract","remove, take, take away, withdraw"
01859592-v,"change residence, affiliation, or place of employment",move,,00122978-v,"become different in some particular way, without permanently losing one's or its former characteristics or essence","change, alter, vary"
01861703-v,get going or set in motion,"start, start up",,02372362-v,"perform an action, or work out or perform (an action)","act, do"
01863207-v,cause to end,stop,,00772482-v,cause to do; cause to act in a specified manner,"induce, stimulate, cause, have, get, make"
01864781-v,"come to a halt, stop moving","stop, halt",,00122978-v,"become different in some particular way, without permanently losing one's or its former characteristics or essence","change, alter, vary"
01868216-v,begin or set in motion,"start, go, get going",,00772482-v,cause to do; cause to act in a specified manner,"induce, stimulate, cause, have, get, make"
01872892-v,"move with slow, sinuous movements",wreathe,,01839438-v,"change location; move, travel, or proceed, also metaphorically","travel, go, move, locomote"
01884666-v,"indicate by beating, as with the fingers or drumsticks",beat,,00923271-v,be a signal for or a symptom of,"bespeak, betoken, indicate, point, signal"
01903010-v,give the calls (to the dancers) for a square dance,"call, call off",,02568816-v,emit or utter,give
01904753-v,cause to stumble,"trip, trip up",,00772482-v,cause to do; cause to act in a specified manner,"induce, stimulate, cause, have, get, make"
01948111-v,"be suspended in the air, as if in defiance of gravity","levitate, hover",,02610777-v,"have the quality of being; (copula, used with an adjective or a predicate noun)",be
01969163-v,cause to jump or leap,"jump, leap",,00772482-v,cause to do; cause to act in a specified manner,"induce, stimulate, cause, have, get, make"
01985293-v,shoot at and force to come down,"down, shoot down, land",,01139564-v,hit with a missile from a weapon,"shoot, hit, pip"
01987611-v,rise up as in fear,"bristle, uprise, stand up",,01985637-v,"stand up on the hind legs, of quadrupeds","rear, rise up"
01993576-v,cause to burst,"collapse, burst",,00772482-v,cause to do; cause to act in a specified manner,"induce, stimulate, cause, have, get, make"
02001544-v,cause to travel backward,back,,00772482-v,cause to do; cause to act in a specified manner,"induce, stimulate, cause, have, get, make"
02003830-v,take somebody somewhere,"lead, take, direct, conduct, guide",,02372362-v,"perform an action, or work out or perform (an action)","act, do"
02009962-v,reach a destination; arrive by movement or progress,"arrive, get, come",,02024442-v,"reach a destination, either real or abstract","reach, make, attain, hit, arrive at, gain"
02013215-v,remain behind,stay,,02736899-v,stay behind,"persist, remain, stay"
02013448-v,go away from a place,"leave, go forth, go away",,01839438-v,"change location; move, travel, or proceed, also metaphorically","travel, go, move, locomote"
02020375-v,to come or go into,"enter, come in, get into, get in, go into, go in, move into",,01839438-v,"change location; move, travel, or proceed, also metaphorically","travel, go, move, locomote"
02024442-v,"reach a destination, either real or abstract","reach, make, attain, hit, arrive at, gain",,02372362-v,"perform an action, or work out or perform (an action)","act, do"
02026953-v,come together,"meet, run into, encounter, run across, come across, see",,01853188-v,"move toward, travel toward something or somebody or approach something or somebody","come, come up"
02035003-v,make a division or separation,"separate, divide",,02372362-v,"perform an action, or work out or perform (an action)","act, do"
02039160-v,form an arch over,"overarch, arch over",,00144670-v,assume a form or shape,form
02056400-v,cause to pass,"pass, make pass",,00772482-v,cause to do; cause to act in a specified manner,"induce, stimulate, cause, have, get, make"
02071617-v,cause to flow,flow,,00772482-v,cause to do; cause to act in a specified manner,"induce, stimulate, cause, have, get, make"
02082838-v,bring in a new person or object into a familiar environment,"bring in, introduce",,02372362-v,"perform an action, or work out or perform (an action)","act, do"
02085825-v,depart and not take along,leave behind,,01852660-v,move away from a place into another direction,"go, go away, depart"
02091072-v,cause to run in panic,stampede,,00772482-v,cause to do; cause to act in a specified manner,"induce, stimulate, cause, have, get, make"
02091739-v,bring to port,port,,02081903-v,take something or somebody with oneself somewhere,"bring, convey, take"
02103242-v,be or come between,interpose,,02610777-v,"have the quality of being; (copula, used with an adjective or a predicate noun)",be
02109935-v,"appear to be moving upward, as by means of tendrils","ascend, climb up",,02137900-v,give a certain impression of being something or having a certain aspect,"look, appear, seem"
01620211-v,make or cause to be or to become,"make, create",,00772482-v,cause to do; cause to act in a specified manner,"induce, stimulate, cause, have, get, make"
01622250-v,deprive of certain characteristics,"unmake, undo",,02318230-v,"keep from having, keeping, or obtaining",deprive
01624592-v,create or manufacture a man-made product,"produce, make, create",,01620211-v,make or cause to be or to become,"make, create"
01647780-v,cause to appear,bring on,,00772482-v,cause to do; cause to act in a specified manner,"induce, stimulate, cause, have, get, make"
01656437-v,cause to bear fruit,fruit,,00772482-v,cause to do; cause to act in a specified manner,"induce, stimulate, cause, have, get, make"
01703755-v,write or name the letters that comprise the conventionally accepted form of (a word or part of a word),"spell, write",,00995046-v,communicate or express by writing,write
01716563-v,carry out or perform an action,"perform, execute, do",,02372362-v,"perform an action, or work out or perform (an action)","act, do"
01720741-v,be performed or presented for public viewing,play,,02372362-v,"perform an action, or work out or perform (an action)","act, do"
01721028-v,cause to emit recorded audio or video,"play, run",,00772482-v,cause to do; cause to act in a specified manner,"induce, stimulate, cause, have, get, make"
01722190-v,be performed for the first time,"premier, premiere",,00426024-v,"come into being or existence, or appear on the scene","appear, come along"
01724519-v,come on stage,enter,,02009962-v,reach a destination; arrive by movement or progress,"arrive, get, come"
01725433-v,behave unnaturally or affectedly,"dissemble, pretend, act",,00010428-v,behave in a certain manner; show a certain behavior; conduct or comport oneself,"act, behave, do"
01743695-v,"cultivate by growing, often involving improvements by means of agricultural techniques","grow, raise, farm, produce",02560130-v,01746607-v,foster the growth of,cultivate
01746607-v,foster the growth of,cultivate,,02560130-v,promote the growth of,"foster, further"
01748492-v,have (one's work) issued for publication,publish,,00426024-v,"come into being or existence, or appear on the scene","appear, come along"
01757596-v,bring into existence,create,,02372362-v,"perform an action, or work out or perform (an action)","act, do"
00001740-v,"draw air into, and expel out of, the lungs","breathe, take a breath, respire, suspire",,02372362-v,"perform an action, or work out or perform (an action)","act, do"
00010428-v,behave in a certain manner; show a certain behavior; conduct or comport oneself,"act, behave, do","01604155-v, 02372362-v",02372362-v,"perform an action, or work out or perform (an action)","act, do"
00014542-v,be in a state of action,"be active, move",,02610777-v,"have the quality of being; (copula, used with an adjective or a predicate noun)",be
00015706-v,sleep longer than intended,oversleep,,00014735-v,be asleep,"sleep, kip, slumber, log Z's, catch some Z's"
00016695-v,let the head fall forward through drowsiness,nod,,01835473-v,"move so as to change position, perform a nontranslational motion",move
00017275-v,change from a waking to a sleeping state,"fall asleep, dope off, flake out, drift off, nod off, drop off, doze off, drowse off",,00122978-v,"become different in some particular way, without permanently losing one's or its former characteristics or essence","change, alter, vary"
00017858-v,prepare for sleep,"go to bed, turn in, bed, crawl in, kip down, hit the hay, hit the sack, sack out, go to sleep, retire",,00407168-v,"make ready or suitable or equip in advance for a particular purpose or for some use, event, etc","fix, prepare, set up, ready, gear up, set"
00018151-v,get up and out of bed,"get up, turn out, arise, uprise, rise",,02019450-v,move out of or depart from,"exit, go out, get out, leave"
00020126-v,"be awake, be alert, be there",wake,,02610777-v,"have the quality of being; (copula, used with an adjective or a predicate noun)",be
00020442-v,prevent from going to bed at night,keep up,,02455370-v,stop (someone or something) from doing something or being in a certain state,"prevent, keep"
00052091-v,be dressed in,"wear, have on",,02610777-v,"have the quality of being; (copula, used with an adjective or a predicate noun)",be
00057124-v,be in confinement for childbirth,lie in,,02610777-v,"have the quality of being; (copula, used with an adjective or a predicate noun)",be
00059330-v,carry out a pregnancy,carry to term,,00485097-v,come or bring to a finish or an end,"complete, finish"
00077122-v,manage not to throw up,keep down,,02528530-v,be successful; achieve a goal,"pull off, negociate, bring off, carry off, manage"
00077211-v,make an unsuccessful effort to vomit; strain to vomit,"gag, heave, retch",,02535833-v,make an effort or attempt,"try, seek, attempt, essay, assay"
00078513-v,provide treatment for,"treat, care for",,02332196-v,give something useful or necessary to,"supply, provide, render, furnish, offer"
00099475-v,do physical exercise,"exercise, work out",,02566500-v,engage in,"make, do"
00100659-v,cause to do preliminary exercises so as to stretch the muscles,warm up,,00772482-v,cause to do; cause to act in a specified manner,"induce, stimulate, cause, have, get, make"
00104622-v,eliminate (a substance),"exhaust, discharge, expel, eject, release",,02635337-v,get rid of something,"obviate, rid of, eliminate"
00107925-v,break (a bone) that was previously broken but mended in an abnormal way,refracture,00107543-v,00107747-v,break (a bone),fracture
02110264-v,be aware of,"record, register",,02122959-v,notice or perceive,"notice, mark, note"
02110960-v,to become aware of through the senses,"perceive, comprehend",,00149403-v,enter or assume a certain state or condition,"become, go, get"
02113108-v,receive as a retribution or punishment,"get, receive",,02214901-v,get something; come into possession of,"receive, have"
02113245-v,cause to experience suddenly,"hit, strike, come to",,00772482-v,cause to do; cause to act in a specified manner,"induce, stimulate, cause, have, get, make"
02120261-v,cause to sense; make sensitive,"sensitize, sensitise",,00772482-v,cause to do; cause to act in a specified manner,"induce, stimulate, cause, have, get, make"
02122959-v,notice or perceive,"notice, mark, note",,02110960-v,to become aware of through the senses,"perceive, comprehend"
02123398-v,observe with care or pay close attention to,"note, take note, observe",,02133118-v,observe without intervening,"watch, look on"
02123706-v,fail to notice,ignore,,02534950-v,fail to do something; leave something undone,"fail, neglect"
02125888-v,cause to perceive an itch,itch,,00772482-v,cause to do; cause to act in a specified manner,"induce, stimulate, cause, have, get, make"
02128368-v,have perceptible qualities,cause to be perceived,,00772482-v,cause to do; cause to act in a specified manner,"induce, stimulate, cause, have, get, make"
02129097-v,be smelled; have a strong odor,reach one's nostrils,,02129213-v,inhale the odor of; perceive by the olfactory sense,smell
02129925-v,recognize or detect by or as if by smelling,"sniff out, scent out, smell out, nose out",,02197640-v,detect with the senses,"spot, recognize, recognise, distinguish, discern, pick out, make out, tell apart"
02132318-v,fail to perceive or to catch with the senses or the mind,"miss, lose",,02534950-v,fail to do something; leave something undone,"fail, neglect"
02132531-v,see for the first time; make a discovery,discover,,02110960-v,to become aware of through the senses,"perceive, comprehend"
02133118-v,observe without intervening,"watch, look on",,01022014-v,make mention of,"note, observe, mention, remark"
02134482-v,be no longer able to see,lose sight of,,02292634-v,"fail to keep or to maintain; cease to have, either physically or in an abstract sense",lose
02135744-v,"observe, check out, and look over carefully or inspect","examine, see",,02173796-v,watch attentively,observe
02136428-v,observe or determine by looking,watch,,02460829-v,follow with the eyes or the mind,"watch, observe, follow, watch over, keep an eye on"
02139513-v,give off a certain sound or sounds,sound,,02773266-v,"give off, send forth, or discharge; as of light, heat, or radiation, vapor, etc.","emit, give out, give off"
02140736-v,to throw or bend back (from a surface),"reflect, reverberate",,02372362-v,"perform an action, or work out or perform (an action)","act, do"
02141597-v,make visible or noticeable,show,,01620211-v,make or cause to be or to become,"make, create"
02149298-v,prevent from being seen or discovered,"hide, conceal",,02458316-v,keep from happening or arising; make impossible,"prevent, forestall, foreclose, preclude, forbid"
02150244-v,"be or go into hiding; keep out of sight, as for protection and safety","hide, hide out",,02687605-v,"cause to continue in a certain state, position, or activity","keep, maintain, hold"
02151220-v,hold back; keep from being perceived by others,"conceal, hold back, hold in",,02687605-v,"cause to continue in a certain state, position, or activity","keep, maintain, hold"
02154940-v,look attentively,watch,,02134989-v,perceive with attention; direct one's gaze towards; look,look
02156396-v,"be vigilant, be on the lookout or be careful","watch, look out, watch out",,02372362-v,"perform an action, or work out or perform (an action)","act, do"
02161530-v,bring onto the market or release,"produce, bring on, bring out",,02372362-v,"perform an action, or work out or perform (an action)","act, do"
02162464-v,become glassy; lose clear vision,"film over, glaze over, blur",,00149403-v,enter or assume a certain state or condition,"become, go, get"
02171205-v,cause oneself to consider something,bethink,,00772482-v,cause to do; cause to act in a specified manner,"induce, stimulate, cause, have, get, make"
02172999-v,render unable to see,blind,,00120483-v,cause to become,render
02183962-v,cause to sound,sound,,00772482-v,cause to do; cause to act in a specified manner,"induce, stimulate, cause, have, get, make"
02194523-v,be unbearably loud,deafen,,02610777-v,"have the quality of being; (copula, used with an adjective or a predicate noun)",be
02196212-v,lend flavor to,"season, flavor, flavour",,00126072-v,cause to change; make different; cause a transformation,"change, alter, modify"
02197640-v,detect with the senses,"spot, recognize, recognise, distinguish, discern, pick out, make out, tell apart",,02158938-v,"discover or determine the existence, presence, or fact of by perception with the eyes","detect, observe, find, discover, notice"
02198732-v,have flavor; taste of something,"taste, savor, savour",,02208144-v,"have or possess, either in a concrete or an abstract sense","have, have got, hold"
02201537-v,allow to go out of sight or mind,lose,,02427979-v,make it possible through a specific action or lack of action for something to happen,"let, allow, permit"
02202019-v,be perceived by,greet,,02736201-v,be beset by,"run into, encounter"
02203116-v,keep under surveillance,"surveil, follow, survey",,02687605-v,"cause to continue in a certain state, position, or activity","keep, maintain, hold"
00590283-v,know and comprehend the nature or meaning of,understand,,00596016-v,be cognizant or aware of a fact or a specific piece of information; possess knowledge or information about,"know, cognize, cognise"
00592510-v,perceive (an idea or situation) mentally,"understand, realize, realise, see",,00630153-v,"use or exercise the mind or one's power of reason in order to make inferences, decisions, or arrive at a solution or judgments","think, cogitate, cerebrate"
00593150-v,become clear or enter one's consciousness or emotions,"click, get through, dawn, come home, get across, sink in, penetrate, fall into place",,00592510-v,perceive (an idea or situation) mentally,"understand, realize, realise, see"
00593432-v,be received or understood,"resonate, come across",,02610777-v,"have the quality of being; (copula, used with an adjective or a predicate noun)",be
00595453-v,be understanding of,"sympathize, sympathise, empathize, empathise, understand",,02610777-v,"have the quality of being; (copula, used with an adjective or a predicate noun)",be
00595732-v,be familiar or acquainted with a person or an object,know,,02610777-v,"have the quality of being; (copula, used with an adjective or a predicate noun)",be
00596016-v,be cognizant or aware of a fact or a specific piece of information; possess knowledge or information about,"know, cognize, cognise",,02208144-v,"have or possess, either in a concrete or an abstract sense","have, have got, hold"
00596900-v,be ignorant of or in the dark about,ignore,,02610777-v,"have the quality of being; (copula, used with an adjective or a predicate noun)",be
00597330-v,know how to do or perform something,know,,02610777-v,"have the quality of being; (copula, used with an adjective or a predicate noun)",be
00597527-v,have fixed in the mind,know,,02208144-v,"have or possess, either in a concrete or an abstract sense","have, have got, hold"
00599310-v,gain knowledge or skills,"learn, larn, acquire",,02293158-v,win something through one's efforts,"acquire, win, gain"
00600349-v,"get to know or become aware of, usually accidentally","learn, hear, get word, get wind, pick up, find out, get a line, discover, see",,02372362-v,"perform an action, or work out or perform (an action)","act, do"
00601387-v,be a student of a certain subject,"learn, study, read, take",,02372362-v,"perform an action, or work out or perform (an action)","act, do"
00602773-v,cause to be immersed,"plunge, immerse",,00772482-v,cause to do; cause to act in a specified manner,"induce, stimulate, cause, have, get, make"
00602976-v,be immersed in,welter,,02610777-v,"have the quality of being; (copula, used with an adjective or a predicate noun)",be
00608800-v,be a student; follow a course of study; be enrolled at an institute of learning,study,,02610777-v,"have the quality of being; (copula, used with an adjective or a predicate noun)",be
00609334-v,recall knowledge from memory; have a recollection,"remember, retrieve, recall, call back, call up, recollect, think",,00630153-v,"use or exercise the mind or one's power of reason in order to make inferences, decisions, or arrive at a solution or judgments","think, cogitate, cerebrate"
00610362-v,be capable of conscious thought,think,,02610777-v,"have the quality of being; (copula, used with an adjective or a predicate noun)",be
00610654-v,be unable to remember,"forget, block, blank out, draw a blank",,00630153-v,"use or exercise the mind or one's power of reason in order to make inferences, decisions, or arrive at a solution or judgments","think, cogitate, cerebrate"
00611237-v,keep in mind for attention or consideration,"remember, think of",,00630153-v,"use or exercise the mind or one's power of reason in order to make inferences, decisions, or arrive at a solution or judgments","think, cogitate, cerebrate"
00611721-v,dismiss from the mind; stop remembering,"forget, bury",,02686624-v,put an end to a state or an activity,"discontinue, stop, cease, give up, quit, lay off"
00612092-v,put in the mind of someone,remind,,02372362-v,"perform an action, or work out or perform (an action)","act, do"
00612810-v,recapture the past; indulge in memories,"remember, think back",,00630153-v,"use or exercise the mind or one's power of reason in order to make inferences, decisions, or arrive at a solution or judgments","think, cogitate, cerebrate"
00613035-v,"call to remembrance; keep alive the memory of someone or something, as in a ceremony","commemorate, remember",,02687605-v,"cause to continue in a certain state, position, or activity","keep, maintain, hold"
00614907-v,stop maintaining or insisting on; of ideas or claims,"abandon, give up",,02686624-v,put an end to a state or an activity,"discontinue, stop, cease, give up, quit, lay off"
00615374-v,"go and leave behind, either intentionally or by neglect or forgetfulness",leave,,01839438-v,"change location; move, travel, or proceed, also metaphorically","travel, go, move, locomote"
00616690-v,leave undone or leave out,"neglect, pretermit, omit, drop, miss, leave out, overlook, overleap",,02372362-v,"perform an action, or work out or perform (an action)","act, do"
00617843-v,fail to attend to,neglect,,02534950-v,fail to do something; leave something undone,"fail, neglect"
00618547-v,give little or no attention to,"neglect, ignore, disregard",,02321848-v,"cause to have, in the abstract sense or physical sense",give
00619438-v,to make a mistake or be incorrect,"err, mistake, slip",,02566500-v,engage in,"make, do"
00630153-v,"use or exercise the mind or one's power of reason in order to make inferences, decisions, or arrive at a solution or judgments","think, cogitate, cerebrate",,02372362-v,"perform an action, or work out or perform (an action)","act, do"
00638550-v,use as a basis for; found on,"establish, base, ground, found",,01631641-v,bring into being,"originate, initiate, start"
00641511-v,reach by calculation,get,,02024442-v,"reach a destination, either real or abstract","reach, make, attain, hit, arrive at, gain"
00645135-v,"make a mathematical, chemical, or grammatical analysis of; break down into components or essential features","analyze, analyse, break down, dissect, take apart",,02372362-v,"perform an action, or work out or perform (an action)","act, do"
00646245-v,consider in detail and subject to an analysis in order to discover essential features or meaning,"analyze, analyse, study, examine, canvass",,00692380-v,deem to be,"see, consider, reckon, view, regard"
00654017-v,"identify as in botany or biology, for example","identify, discover, key, key out, distinguish, describe, name",,00701581-v,fix conclusively or authoritatively,"determine, set"
00667804-v,establish or strengthen as with new evidence or facts,"confirm, corroborate, sustain, substantiate, support, affirm",,02372362-v,"perform an action, or work out or perform (an action)","act, do"
00681308-v,select as an alternative over another,"choose, prefer, opt",,00676526-v,"pick out, select, or choose from a number of alternatives","choose, take, select, pick out"
00687320-v,dismiss from consideration or a contest,"rule out, eliminate, winnow out, reject",,00802592-v,bar from attention or consideration,"dismiss, disregard, brush aside, brush off, discount, push aside, ignore"
00699355-v,"reach, make, or come to a decision about something","decide, make up one's mind, determine",,01620211-v,make or cause to be or to become,"make, create"
00701581-v,fix conclusively or authoritatively,"determine, set",,02372362-v,"perform an action, or work out or perform (an action)","act, do"
00710367-v,have in mind as a purpose,"intend, mean, think",,02208144-v,"have or possess, either in a concrete or an abstract sense","have, have got, hold"
00721987-v,look forward to the probable occurrence of,"expect, look, await, wait",,00630153-v,"use or exercise the mind or one's power of reason in order to make inferences, decisions, or arrive at a solution or judgments","think, cogitate, cerebrate"
00722732-v,realize beforehand,"anticipate, previse, foreknow, foresee",,00592510-v,perceive (an idea or situation) mentally,"understand, realize, realise, see"
00723679-v,bring to light,rake up,,00135665-v,bring into a different state,"bring, land"
00723989-v,search and discover through persistent investigation,"ferret out, ferret",,01641524-v,"make a discovery, make a new finding","discover, find"
00734575-v,stick to correctly or closely,"observe, keep, maintain",,00352060-v,keep to,"stick to, stick with, follow"
00738221-v,break down into components or essential features,"analyze, analyse",,00692380-v,deem to be,"see, consider, reckon, view, regard"
01074673-v,compete for something; engage in a contest; measure oneself against others,"compete, vie, contend",,02380222-v,carry out or participate in an activity; be involved in,"prosecute, engage, pursue"
01079008-v,have a turn; make one's move in a game,"move, go",,02372362-v,"perform an action, or work out or perform (an action)","act, do"
01081873-v,"contend against an opponent in a sport, game, or battle","meet, encounter, play, take on",,01074673-v,compete for something; engage in a contest; measure oneself against others,"compete, vie, contend"
01084999-v,become a participant; be involved in,"enter, participate",,00149403-v,enter or assume a certain state or condition,"become, go, get"
01085437-v,give up in the face of defeat of lacking hope; admit defeat,"drop out, give up, fall by the wayside, drop by the wayside, throw in, throw in the towel, quit, chuck up the sponge",,02686624-v,put an end to a state or an activity,"discontinue, stop, cease, give up, quit, lay off"
01089608-v,prepare oneself for a military confrontation,"arm, build up, fortify, gird",,00407168-v,"make ready or suitable or equip in advance for a particular purpose or for some use, event, etc","fix, prepare, set up, ready, gear up, set"
01090246-v,remove offensive capability from,"disarm, demilitarize, demilitarise",,00572138-v,get rid of something abstract,"remove, take away"
01092746-v,be engaged in a fight; carry on a fight,"contend, fight, struggle",,02372362-v,"perform an action, or work out or perform (an action)","act, do"
01096197-v,go on a campaign; go off to war,"campaign, take the field",,01839438-v,"change location; move, travel, or proceed, also metaphorically","travel, go, move, locomote"
01102003-v,fail to win,lose,,02534046-v,be unsuccessful,"fail, go wrong, miscarry"
01102556-v,be the winner in a contest or competition; be victorious,win,,02372362-v,"perform an action, or work out or perform (an action)","act, do"
01110559-v,win a victory over,"get the better of, overcome, defeat",,01102556-v,be the winner in a contest or competition; be victorious,win
01113439-v,"obtain advantages, such as points, etc.","gain, advance, win, pull ahead, make headway, get ahead, gain ground",,02242867-v,come into possession of,obtain
01116045-v,cause a run or runner to be scored,drive in,,01649143-v,"give rise to; cause to happen or occur, not always intentionally","cause, do, make"
01116393-v,maintain a required pace or level,keep up,,02687605-v,"cause to continue in a certain state, position, or activity","keep, maintain, hold"
01118865-v,cease opposition; stop fighting,yield,,02686624-v,put an end to a state or an activity,"discontinue, stop, cease, give up, quit, lay off"
01120499-v,yield to the control of another,submit,,01118865-v,cease opposition; stop fighting,yield
01122487-v,attack someone physically or emotionally,"assail, assault, set on, attack",,02372362-v,"perform an action, or work out or perform (an action)","act, do"
01136251-v,cause to go off,"fire, discharge",,00772482-v,cause to do; cause to act in a specified manner,"induce, stimulate, cause, have, get, make"
01136664-v,go off or discharge,"fire, discharge, go off",,02372362-v,"perform an action, or work out or perform (an action)","act, do"
01137797-v,release or pull the trigger on,trigger,,01612191-v,apply force so as to cause motion towards the source of the motion,pull
01151936-v,"put (a card or piece) into play during a game, or act strategically as if in a card game",play,,02372362-v,"perform an action, or work out or perform (an action)","act, do"
01156641-v,cause to get out,"retire, strike out",,00772482-v,cause to do; cause to act in a specified manner,"induce, stimulate, cause, have, get, make"
01157556-v,catch up with and possibly overtake,"overtake, catch, catch up with",,01839438-v,"change location; move, travel, or proceed, also metaphorically","travel, go, move, locomote"
00109468-v,undergo a change; become different in essence; losing one's or its original nature,change,,02372362-v,"perform an action, or work out or perform (an action)","act, do"
00118572-v,keep informed,"keep up, keep abreast, follow",,02687605-v,"cause to continue in a certain state, position, or activity","keep, maintain, hold"
00122978-v,"become different in some particular way, without permanently losing one's or its former characteristics or essence","change, alter, vary",,02372362-v,"perform an action, or work out or perform (an action)","act, do"
00126072-v,cause to change; make different; cause a transformation,"change, alter, modify",,00772482-v,cause to do; cause to act in a specified manner,"induce, stimulate, cause, have, get, make"
00173351-v,"remove something concrete, as by lifting, pushing, or taking off, or remove something abstract","remove, take, take away, withdraw",,02372362-v,"perform an action, or work out or perform (an action)","act, do"
00203575-v,change the inherent purpose or function of something,"pervert, misuse, abuse",01159815-v,01160888-v,"use up, consume fully","use, expend"
00203918-v,use wrongly or improperly or excessively,abuse,01159815-v,01160888-v,"use up, consume fully","use, expend"
00224721-v,suffer spiritual death; be damned (in the religious sense),die,,02113644-v,undergo or be subjected to,"suffer, endure"
00233707-v,prevent the action or expression of,"restrain, keep, keep back, hold back",,02458316-v,keep from happening or arising; make impossible,"prevent, forestall, foreclose, preclude, forbid"
00234091-v,place limits on (extent or amount or access),"restrict, trammel, limit, bound, confine, throttle",,02372362-v,"perform an action, or work out or perform (an action)","act, do"
00258995-v,have an opening that allows light or substances to enter or go out,leak,,02208144-v,"have or possess, either in a concrete or an abstract sense","have, have got, hold"
00307079-v,burst and release energy as through a violent chemical or physical reaction,"detonate, explode, blow up",,00306798-v,"burst outward, usually with noise","explode, burst"
00346415-v,take the first step or steps in carrying out an action,"get down, begin, get, start out, start, set about, set out, commence",,02372362-v,"perform an action, or work out or perform (an action)","act, do"
00349400-v,"set in motion, cause to start","begin, lead off, start, commence",,00772482-v,cause to do; cause to act in a specified manner,"induce, stimulate, cause, have, get, make"
00360745-v,be survived by after one's death,"leave, leave behind",,02610777-v,"have the quality of being; (copula, used with an adjective or a predicate noun)",be
00414801-v,take up residence and become established,"settle, locate",,02372362-v,"perform an action, or work out or perform (an action)","act, do"
00415969-v,form a community,settle,,02453050-v,create (as an entity),"form, organize, organise"
00416668-v,become established,set in,,00149403-v,enter or assume a certain state or condition,"become, go, get"
00423043-v,come into sight or view,appear,,00543200-v,"reach or enter a state, relation, condition, use, or position",come
00426024-v,"come into being or existence, or appear on the scene","appear, come along",,00109468-v,undergo a change; become different in essence; losing one's or its original nature,change
00427911-v,"get lost, as without warning or explanation","disappear, vanish, go away",,00149403-v,enter or assume a certain state or condition,"become, go, get"
00530070-v,come out of,"issue, emerge, come out, come forth, go forth, egress",,01853188-v,"move toward, travel toward something or somebody or approach something or somebody","come, come up"
00551194-v,"lay aside, abandon, or leave for another","switch, shift, change",,02232813-v,"forsake, leave behind",abandon
00555375-v,throw into disorder,disrupt,,02372362-v,"perform an action, or work out or perform (an action)","act, do"
00561324-v,prove insufficient,"fail, run out, give out",,02639962-v,be shown or be found to be,"prove, turn out, turn up"
00564177-v,"raise demand, expand the money supply, or raise prices, after a period of deflation",reflate,,00230031-v,increase the level of,"enhance, heighten, raise"
00572138-v,get rid of something abstract,"remove, take away",,02372362-v,"perform an action, or work out or perform (an action)","act, do"
00589392-v,start or maintain a fire in,"fire, light, ignite",,00349400-v,"set in motion, cause to start","begin, lead off, start, commence"
00589500-v,become ignited,"fire, flame up",,00149403-v,enter or assume a certain state or condition,"become, go, get"
01208316-v,be in direct physical contact with; make contact,"touch, adjoin, meet, contact",,02372362-v,"perform an action, or work out or perform (an action)","act, do"
01208838-v,"make physical contact with, come in contact with",touch,,02372362-v,"perform an action, or work out or perform (an action)","act, do"
01209769-v,to hold fast or prevent from moving,"trap, pin, immobilize, immobilise",,02446762-v,"take and maintain control over, often by violent means",hold
01212242-v,examine by touch,"feel, finger",,02135744-v,"observe, check out, and look over carefully or inspect","examine, see"
01214794-v,"pass over, across, or through","guide, run, draw, pass",,01839438-v,"change location; move, travel, or proceed, also metaphorically","travel, go, move, locomote"
01215710-v,to make grasping motions,snatch,,01835473-v,"move so as to change position, perform a nontranslational motion",move
01216829-v,"get into one's hands, take physically","take, get hold of",,02215637-v,come into the possession of something concrete or abstract,"get, acquire"
01219234-v,have or hold in one's hands or grip,hold,,02208144-v,"have or possess, either in a concrete or an abstract sense","have, have got, hold"
01219607-v,be the physical support of; carry the weight of,"hold, support, sustain, hold up",,02372362-v,"perform an action, or work out or perform (an action)","act, do"
01231088-v,become punctured or penetrated,break,,00149403-v,enter or assume a certain state or condition,"become, go, get"
01233274-v,urge on; cause to act,"prod, incite, egg on",,00772482-v,cause to do; cause to act in a specified manner,"induce, stimulate, cause, have, get, make"
01240465-v,fail to reach,miss,,02534046-v,be unsuccessful,"fail, go wrong, miscarry"
01310556-v,"reduce the level of land, as by erosion",degrade,,00241924-v,reduce in size; reduce physically,"shrink, reduce"
01318273-v,"try to locate or discover, or try to establish the existence of","search, seek, look for",,02372362-v,"perform an action, or work out or perform (an action)","act, do"
01326622-v,"cause to die; put to death, usually intentionally or knowingly",kill,,00772482-v,cause to do; cause to act in a specified manner,"induce, stimulate, cause, have, get, make"
01328218-v,"cause the death of, without intention",kill,,00772482-v,cause to do; cause to act in a specified manner,"induce, stimulate, cause, have, get, make"
01328456-v,deprive of life,kill,,00772482-v,cause to do; cause to act in a specified manner,"induce, stimulate, cause, have, get, make"
01330694-v,"cause to become accidentally or suddenly caught, ensnared, or entangled",catch,,00772482-v,cause to do; cause to act in a specified manner,"induce, stimulate, cause, have, get, make"
01335412-v,provide with a covering or cause to be covered,cover,,02372362-v,"perform an action, or work out or perform (an action)","act, do"
01339317-v,put something on top of something else,"overlay, cover",,01496967-v,put into a certain place or abstract location,"put, set, place, pose, position, lay"
01342187-v,remove all or part of one's clothes to show one's body,"uncover, expose",,00173351-v,"remove something concrete, as by lifting, pushing, or taking off, or remove something abstract","remove, take, take away, withdraw"
01347791-v,move so that an opening or passage is obstructed; make shut,"close, shut",,01854282-v,"cause to move or shift into a new position or place, both in a concrete and in an abstract sense","move, displace"
01348685-v,cause to open or to become open,"open, open up",,00772482-v,cause to do; cause to act in a specified manner,"induce, stimulate, cause, have, get, make"
01357376-v,"connect, fasten, or put together two or more pieces","connect, link, tie, link up",,02372362-v,"perform an action, or work out or perform (an action)","act, do"
01377960-v,strike and dash about in a liquid,splash,,02372362-v,"perform an action, or work out or perform (an action)","act, do"
01381221-v,distribute or disperse widely,"spread, distribute",,01854282-v,"cause to move or shift into a new position or place, both in a concrete and in an abstract sense","move, displace"
01383303-v,assemble or get together,"gather, garner, collect, pull together",,00658247-v,arrange into a group or groups,group
01399864-v,"give a beating to; subject to a beating, either as a punishment or as an act of aggression","beat, beat up, work over",,02372362-v,"perform an action, or work out or perform (an action)","act, do"
01436773-v,be accompanied by,bring,,02610777-v,"have the quality of being; (copula, used with an adjective or a predicate noun)",be
01460857-v,cause (a solvent) to pass through a permeable substance in order to extract a soluble constituent,percolate,,00772482-v,cause to do; cause to act in a specified manner,"induce, stimulate, cause, have, get, make"
01472854-v,express willingness to have in one's home or environs,"receive, take in, invite",,00945869-v,give expression to,"express, show, evince"
01477180-v,"release, as from one's grip","let go of, let go, release, relinquish",,02372362-v,"perform an action, or work out or perform (an action)","act, do"
01478583-v,free or remove obstruction from,"free, disengage",,00572138-v,get rid of something abstract,"remove, take away"
01484449-v,be placed in position as by a hinge,hang,,02610777-v,"have the quality of being; (copula, used with an adjective or a predicate noun)",be
01484587-v,be suspended or poised,hang,,02610777-v,"have the quality of being; (copula, used with an adjective or a predicate noun)",be
01484705-v,be suspended or hanging,hang,,02610777-v,"have the quality of being; (copula, used with an adjective or a predicate noun)",be
01491476-v,become overloaded,overload,,00149403-v,enter or assume a certain state or condition,"become, go, get"
01528454-v,perform as expected when applied,"function, work, operate, go, run",,01716563-v,carry out or perform an action,"perform, execute, do"
01529271-v,run disconnected or idle,"idle, tick over",,01529078-v,"be operating, running or functioning",run
01533912-v,occupy a trench or secured area,"entrench, dig in",,02655144-v,occupy the whole of,"occupy, fill"
01541851-v,"take in, also metaphorically","absorb, suck, imbibe, soak up, sop up, suck up, draw, take in, take up",,02372362-v,"perform an action, or work out or perform (an action)","act, do"
01545450-v,fall or flow in a certain way,"hang, fall, flow",,01839438-v,"change location; move, travel, or proceed, also metaphorically","travel, go, move, locomote"
01545624-v,hang down so as to drag along the ground,trail,,01484705-v,be suspended or hanging,hang
01545905-v,be in a position in which one's upper body is largely upright and supported by one's backside,"sit, sit down",,02610777-v,"have the quality of being; (copula, used with an adjective or a predicate noun)",be
01549783-v,"be lying, be prostrate; be in a horizontal position",lie,,02610777-v,"have the quality of being; (copula, used with an adjective or a predicate noun)",be
01565514-v,cause to collide,collide,,00772482-v,cause to do; cause to act in a specified manner,"induce, stimulate, cause, have, get, make"
01566925-v,destroy completely; damage irreparably,"destroy, ruin",,02372362-v,"perform an action, or work out or perform (an action)","act, do"
01572936-v,place,"install, instal, set up, establish",,01572394-v,set up for use,"install, instal, put in, set up"
01604155-v,support or hold in a certain manner,"hold, carry, bear",,01219607-v,be the physical support of; carry the weight of,"hold, support, sustain, hold up"
01613738-v,make an incision or separation,cut,,01620211-v,make or cause to be or to become,"make, create"
01614650-v,distribute over a surface in a layer,spread,,02047080-v,cause to be distributed,"circulate, pass around, pass on, distribute"
01618895-v,stop using,"put away, put aside",,02686624-v,put an end to a state or an activity,"discontinue, stop, cease, give up, quit, lay off"
00772482-v,cause to do; cause to act in a specified manner,"induce, stimulate, cause, have, get, make",,02372362-v,"perform an action, or work out or perform (an action)","act, do"
00781646-v,give a rest to,rest,,02321848-v,"cause to have, in the abstract sense or physical sense",give
00801045-v,make a retreat from an earlier commitment or activity,"retreat, pull back, back out, back away, crawfish, crawfish out, pull in one's horns, withdraw",,00363001-v,prevent completion,"break, break off, discontinue, stop"
00803288-v,cease to consider; put out of judicial consideration,"dismiss, throw out",,00363001-v,prevent completion,"break, break off, discontinue, stop"
00806464-v,be of different opinions,"disagree, differ, dissent, take issue",,02610777-v,"have the quality of being; (copula, used with an adjective or a predicate noun)",be
00807038-v,be in accord; be in agreement,"agree, hold, concur, concord",,02372362-v,"perform an action, or work out or perform (an action)","act, do"
00813037-v,stay clear from; keep away from; keep out of the way of someone or something,avoid,,02690747-v,"continue a certain state, condition, or activity","continue, go on, proceed, go along, keep"
00820635-v,be emphatic or resolute and refuse to budge,"insist, take a firm stand",,02610777-v,"have the quality of being; (copula, used with an adjective or a predicate noun)",be
00845147-v,"blame for, make a claim of wrongdoing or misbehavior against","charge, accuse",,00729953-v,attribute responsibility to,"blame, charge"
00860989-v,cause (somebody) to feel happier or more cheerful,"cheer, cheer up, jolly along, jolly up",,00772482-v,cause to do; cause to act in a specified manner,"induce, stimulate, cause, have, get, make"
00892111-v,make certain of,"guarantee, ensure, insure, assure, secure",,01620211-v,make or cause to be or to become,"make, create"
00894444-v,acknowledge faults or shortcomings or failing,"apologize, apologise",,00893988-v,"express obligation, thanks, or gratitude for","acknowledge, recognize, recognise"
00907012-v,cause to be acquitted; get off the hook; in a legal case,get off,,00772482-v,cause to do; cause to act in a specified manner,"induce, stimulate, cause, have, get, make"
00909100-v,"express complaints, discontent, displeasure, or unhappiness","complain, kick, plain, sound off, quetch, kvetch",,00942415-v,"articulate; either verbally or with a cry, shout, or noise","express, verbalize, verbalise, utter, give tongue to"
00920843-v,"establish after a calculation, investigation, experiment, survey, or study","determine, find, find out, ascertain",,00666706-v,"establish the validity of something, as by an example, explanation or experiment","prove, demonstrate, establish, show, shew"
00922307-v,"find out, learn, or determine with certainty, usually by making an inquiry or other effort","determine, check, find out, see, ascertain, watch, learn",,02372362-v,"perform an action, or work out or perform (an action)","act, do"
00933814-v,denote or connote,"mean, intend, signify, stand for",,02610777-v,"have the quality of being; (copula, used with an adjective or a predicate noun)",be
00937173-v,be made known; be disclosed or revealed,"out, come out",,02610777-v,"have the quality of being; (copula, used with an adjective or a predicate noun)",be
00938019-v,be released or become known; of news,"break, get out, get around",,02610777-v,"have the quality of being; (copula, used with an adjective or a predicate noun)",be
00939649-v,refrain from divulging sensitive information; keep quiet about confidential information,"keep quiet, shut one's mouth, keep one's mouth shut",,02731589-v,resist doing something,"refrain, forbear"
00942415-v,"articulate; either verbally or with a cry, shout, or noise","express, verbalize, verbalise, utter, give tongue to",,00945869-v,give expression to,"express, show, evince"
00952369-v,be dared to do something and not attempt it,take a dare,,00671680-v,"accept or undergo, often unwillingly","take, submit"
00952463-v,show consideration for; take into account,"consider, count, weigh",,00630153-v,"use or exercise the mind or one's power of reason in order to make inferences, decisions, or arrive at a solution or judgments","think, cogitate, cerebrate"
00975760-v,be broadcast,air,,02610777-v,"have the quality of being; (copula, used with an adjective or a predicate noun)",be
00980581-v,"speak, pronounce, or utter in a certain way","pronounce, articulate, enounce, sound out, enunciate, say",,00944022-v,express in speech,"talk, speak, utter, mouth, verbalize, verbalise"
00985856-v,express audibly; utter sounds (not necessarily words),"utter, emit, let out, let loose",,00945869-v,give expression to,"express, show, evince"
00991233-v,give a speech to,"address, speak",,00942415-v,"articulate; either verbally or with a cry, shout, or noise","express, verbalize, verbalise, utter, give tongue to"
00991522-v,rise in order to make a speech or motion,take the floor,,01987278-v,rise to one's feet,"arise, rise, uprise, get up, stand up"
01008855-v,exchange messages,correspond,,02262178-v,"give to, and receive from, one another","exchange, change, interchange"
01009072-v,communicate (with) in writing,"write, drop a line",00745330-v,01008855-v,exchange messages,correspond
01011848-v,state as one's opinion or judgement; declare,say,,01011267-v,express in words,"state, say, tell"
01013752-v,say yes to,affirm,,00981902-v,utter aloud,say
01022740-v,write all the required information onto a form,"complete, fill out, fill in, make out",,00995046-v,communicate or express by writing,write
01031401-v,be called; go by a certain name,"go by, go under",,02610777-v,"have the quality of being; (copula, used with an adjective or a predicate noun)",be
01032165-v,assign a name or title to,"designate, denominate",,00742058-v,decide as to where something belongs in a scheme,"assign, attribute"
01037402-v,"achieve harmony of opinion, feeling, or purpose",agree,,02372362-v,"perform an action, or work out or perform (an action)","act, do"
01042933-v,refuse to talk or stop talking; fall silent,"close up, clam up, dummy up, shut up, belt up, button up, be quiet, keep mum",,02731589-v,resist doing something,"refrain, forbear"
01068455-v,"present somebody with something, usually to accuse or criticize","confront, face, present",,02728538-v,offer for others to consider,"present, pose"
01070402-v,deny formally (an allegation of fact by the opposing party) in a legal suit,"traverse, deny",,00825097-v,deny the truth of,"contradict, negate, contravene"
01072799-v,"begin to speak, understand, read, and write a language",begin,,02372362-v,"perform an action, or work out or perform (an action)","act, do"
02205200-v,give as a present; make a gift of,"give, gift, present",,02372362-v,"perform an action, or work out or perform (an action)","act, do"
02205920-v,"to get into a position of having, e.g., safety, comfort",take,,00149403-v,enter or assume a certain state or condition,"become, go, get"
02208144-v,"have or possess, either in a concrete or an abstract sense","have, have got, hold",,02610777-v,"have the quality of being; (copula, used with an adjective or a predicate noun)",be
02209474-v,have ownership or possession of,"own, have, possess",,02208144-v,"have or possess, either in a concrete or an abstract sense","have, have got, hold"
02210054-v,take into one's possession,take,,02372362-v,"perform an action, or work out or perform (an action)","act, do"
02211401-v,conquer by force,take,,02372362-v,"perform an action, or work out or perform (an action)","act, do"
02214718-v,make use of or accept for some purpose,"take, accept",,02372362-v,"perform an action, or work out or perform (an action)","act, do"
02215637-v,come into the possession of something concrete or abstract,"get, acquire",,02372362-v,"perform an action, or work out or perform (an action)","act, do"
02225243-v,cause to change ownership,transfer,,00772482-v,cause to do; cause to act in a specified manner,"induce, stimulate, cause, have, get, make"
02228837-v,dispose of,"get rid of, remove",,02372362-v,"perform an action, or work out or perform (an action)","act, do"
02232523-v,give up with the intent of never claiming again,"abandon, give up",,02372362-v,"perform an action, or work out or perform (an action)","act, do"
02242120-v,not accept as true,"refuse, reject, pass up, turn down, decline",,00672179-v,form a critical opinion of,"evaluate, pass judgment, judge"
02252172-v,be sold for a certain price,"fetch, bring in, bring",,02733758-v,be sold at a certain price or in a certain way,sell
02253273-v,"come upon, as if by accident; meet with","find, happen, chance, bump, encounter",,02026953-v,come together,"meet, run into, encounter, run across, come across, see"
02258963-v,be obliged to pay or repay,owe,,02610777-v,"have the quality of being; (copula, used with an adjective or a predicate noun)",be
02265169-v,engage in the trade of,"trade, merchandise",,02380222-v,carry out or participate in an activity; be involved in,"prosecute, engage, pursue"
02270039-v,keep an account of,"account, calculate",,01067899-v,maintain by writing regular records,"keep, maintain"
02270824-v,accumulate money for future use,"save, lay aside, save up",,02309962-v,get or gather together,"roll up, collect, accumulate, pile up, amass, compile, hoard"
02271765-v,spend less; buy at a reduced price,save,,02271905-v,pay out,"spend, expend, drop"
02271905-v,pay out,"spend, expend, drop","02256551-v, 01159815-v",02256551-v,"give money, usually in exchange for goods or services",pay
02272834-v,require (time or space),"take, occupy, use up",01159815-v,01160888-v,"use up, consume fully","use, expend"
02273196-v,spend thoughtlessly; throw away,"waste, blow, squander",01159815-v,01160888-v,"use up, consume fully","use, expend"
02284863-v,make neither profit nor loss,break even,,01620211-v,make or cause to be or to become,"make, create"
02292463-v,miss from one's possessions; lose sight of,lose,,02638434-v,be without,"miss, lack"
02292634-v,"fail to keep or to maintain; cease to have, either physically or in an abstract sense",lose,,02534950-v,fail to do something; leave something undone,"fail, neglect"
02293000-v,fail to get or obtain,lose,,02534950-v,fail to do something; leave something undone,"fail, neglect"
02293733-v,fail to make money in a business; make a loss or fail to profit,"lose, turn a loss",,02534950-v,fail to do something; leave something undone,"fail, neglect"
02294039-v,be debited and credited to the proper bank accounts,clear,,02372362-v,"perform an action, or work out or perform (an action)","act, do"
02303593-v,propose a payment,"offer, bid, tender",,00876925-v,"make a proposal, declare a plan for something","propose, suggest, advise"
02320918-v,receive from a predecessor,inherit,,02214901-v,get something; come into possession of,"receive, have"
02321848-v,"cause to have, in the abstract sense or physical sense",give,,00772482-v,cause to do; cause to act in a specified manner,"induce, stimulate, cause, have, get, make"
02322074-v,"bestow, especially officially","grant, give",,02321848-v,"cause to have, in the abstract sense or physical sense",give
02323383-v,become bankrupt or insolvent; fail financially and close,fail,,00149403-v,enter or assume a certain state or condition,"become, go, get"
02355171-v,relieve from,"rid, free, disembarrass",,02372362-v,"perform an action, or work out or perform (an action)","act, do"
02363033-v,afford access to,"afford, open, give",,02321848-v,"cause to have, in the abstract sense or physical sense",give
02363654-v,to be given by assignment or distribution,fall,,02214901-v,get something; come into possession of,"receive, have"
02363921-v,to be given by right or inheritance,fall,,02214901-v,get something; come into possession of,"receive, have"
02368741-v,"record, add up, and receive payment for items purchased",check out,,02256551-v,"give money, usually in exchange for goods or services",pay
01771015-v,"be worried, concerned, anxious, troubled, or uneasy",worry,,01775456-v,undergo an emotional sensation or be in a particular state of mind,"feel, experience"
01771801-v,have an emotional or cognitive impact upon,"affect, impress, move, strike",,01620211-v,make or cause to be or to become,"make, create"
01775456-v,undergo an emotional sensation or be in a particular state of mind,"feel, experience",,02372362-v,"perform an action, or work out or perform (an action)","act, do"
01777456-v,cause to be bitter or resentful,"embitter, envenom, acerbate",,00772482-v,cause to do; cause to act in a specified manner,"induce, stimulate, cause, have, get, make"
01777655-v,accept or admit unwillingly,grudge,,00818972-v,declare to be true or admit the existence or reality or truth of,"admit, acknowledge"
01779085-v,have a great affection or liking for,love,,01775456-v,undergo an emotional sensation or be in a particular state of mind,"feel, experience"
01779986-v,to remain emotionally or intellectually attached,cling,,02733337-v,"continue in a place, position, or situation","stay, stay on, continue, remain"
01780648-v,have or feel a dislike or distaste for,dislike,,01775456-v,undergo an emotional sensation or be in a particular state of mind,"feel, experience"
01780873-v,be fond of,like,,02610777-v,"have the quality of being; (copula, used with an adjective or a predicate noun)",be
01781131-v,find enjoyable or agreeable,like,,01775456-v,undergo an emotional sensation or be in a particular state of mind,"feel, experience"
01784021-v,be afraid or scared of; be frightened of,"fear, dread",,01775456-v,undergo an emotional sensation or be in a particular state of mind,"feel, experience"
01784253-v,be uneasy or apprehensive about,fear,,02610777-v,"have the quality of being; (copula, used with an adjective or a predicate noun)",be
01791641-v,cause to go crazy; cause to lose one's mind,"madden, craze",,00772482-v,cause to do; cause to act in a specified manner,"induce, stimulate, cause, have, get, make"
01796002-v,be flustered; behave in a confused manner,fluster,00010428-v,02523827-v,behave in a certain manner,"behave, acquit, bear, deport, conduct, comport, carry"
01800044-v,feel intense anger,rage,,01775456-v,undergo an emotional sensation or be in a particular state of mind,"feel, experience"
01800811-v,turn away from sin or do penitence,"repent, atone",,00687584-v,not accept something given or offered,reject
01806476-v,give verbal or other expression to one's feelings,"express emotion, express feelings",,01062889-v,serve as a means for expressing something,"carry, convey, express"
01811849-v,be attractive to,"attract, appeal",,02610777-v,"have the quality of being; (copula, used with an adjective or a predicate noun)",be
01814900-v,abandon hope; give up hope; lose heart,despair,,01085437-v,give up in the face of defeat of lacking hope; admit defeat,"drop out, give up, fall by the wayside, drop by the wayside, throw in, throw in the towel, quit, chuck up the sponge"
01817466-v,make glad or happy,"gladden, joy",,01620211-v,make or cause to be or to become,"make, create"
01818782-v,give moral or emotional strength to,"comfort, soothe, console, solace",,02372362-v,"perform an action, or work out or perform (an action)","act, do"
01820398-v,make happy or satisfied,"satisfy, gratify",,00772482-v,cause to do; cause to act in a specified manner,"induce, stimulate, cause, have, get, make"
01821097-v,give displeasure to,displease,,02321848-v,"cause to have, in the abstract sense or physical sense",give
01822083-v,become heartened or elated,rise,,00149403-v,enter or assume a certain state or condition,"become, go, get"
01823114-v,deprive of courage or hope; take away hope from; cause to feel discouraged,discourage,,00772482-v,cause to do; cause to act in a specified manner,"induce, stimulate, cause, have, get, make"
01824240-v,derive or receive pleasure from; get enjoyment from; take pleasure in,"enjoy, bask, relish, savor, savour",,01775456-v,undergo an emotional sensation or be in a particular state of mind,"feel, experience"
01825834-v,cause to be bored,"bore, tire",,00772482-v,cause to do; cause to act in a specified manner,"induce, stimulate, cause, have, get, make"
01827099-v,show no concern or interest; always used in the negative,"care a hang, give a hoot, give a hang, give a damn",,00945869-v,give expression to,"express, show, evince"
01829067-v,wish ill or allow unwillingly,"begrudge, resent",,01775456-v,undergo an emotional sensation or be in a particular state of mind,"feel, experience"
01829179-v,feel or have a desire for; want strongly,"desire, want",,01775456-v,undergo an emotional sensation or be in a particular state of mind,"feel, experience"
01830665-v,expect and wish,"hope, trust, desire",,00721987-v,look forward to the probable occurrence of,"expect, look, await, wait"
90003391-v,to be a extreme female fan of something,fangirl,,01779085-v,have a great affection or liking for,love
