Synset ID,Definition,Members,Previous Hypernyms,New Hypernym ID,New Hypernym Definition,New Hypernym Members,True Hypernym,Frame change,
02584595-v,behave as expected during of holidays or rites,"observe, celebrate, keep",,00010428-v,behave in a certain manner; show a certain behavior; conduct or comport oneself,"act, behave, do",,x,
01725433-v,behave unnaturally or affectedly,"dissemble, pretend, act",,00010428-v,behave in a certain manner; show a certain behavior; conduct or comport oneself,"act, behave, do",x,,
00015706-v,sleep longer than intended,oversleep,,00014735-v,be asleep,"sleep, kip, slumber, log Z's, catch some Z's",x,,
02719247-v,extend out or project in space,"stick out, protrude, jut out, jut, project",,00027698-v,thrust or extend out,"exsert, stretch out, put out, extend, hold out, stretch forth",x,,
00107925-v,break (a bone) that was previously broken but mended in an abnormal way,refracture,00107543-v,00107543-v,break (a bone),fracture,x,,
02629610-v,come into existence,become,,00109468-v,undergo a change; become different in essence; losing one's or its original nature,change,x,,
02672316-v,be different,differ,,00109468-v,undergo a change; become different in essence; losing one's or its original nature,change,x,,
00426024-v,"come into being or existence, or appear on the scene","appear, come along",,00109468-v,undergo a change; become different in essence; losing one's or its original nature,change,x,,
02172999-v,render unable to see,blind,,00126072-v,,change,x,,
01835473-v,"move so as to change position, perform a nontranslational motion",move,,02372362-v,,,,x,
01839438-v,"change location; move, travel, or proceed, also metaphorically","travel, go, move, locomote",,02372362-v,,,,x,
01859592-v,"change residence, affiliation, or place of employment",pro,,00122978-v,"become different in some particular way, without permanently losing one's or its former characteristics or essence","change, alter, vary",x,,
01864781-v,"come to a halt, stop moving","stop, halt",,00122978-v,"become different in some particular way, without permanently losing one's or its former characteristics or essence","change, alter, vary",x,,
00017275-v,change from a waking to a sleeping state,"fall asleep, dope off, flake out, drift off, nod off, drop off, doze off, drowse off",,00122978-v,"become different in some particular way, without permanently losing one's or its former characteristics or essence","change, alter, vary",x,,
02686624-v,put an end to a state or an activity,"discontinue, stop, cease, give up, quit, lay off",,00353480-v,cause to change; make different; cause a transformation,end,x,,
02196212-v,lend flavor to,"season, flavor, flavour",,00126072-v,cause to change; make different; cause a transformation,"change, alter, modify",x,,
00723679-v,bring to light,rake up,,00935783-v,,reveal,x,,
02039160-v,form an arch over,"overarch, arch over",,00144670-v,assume a form or shape,form,,x,
02439823-v,become part of; become a member of a group or organization,"join, fall in, get together",,02372362-v,,,,x,
02602110-v,get to know; get acquainted with,meet,,00600349-v,,,,x,
02603092-v,get involved or mixed-up with,mingle,,02439823-v,,join,x,,
02777127-v,become clear,"clear up, clear, light up, brighten",,00122978-v,,change,x,,
02110960-v,to become aware of through the senses,"perceive, comprehend",,00600349-v,,learn,x,,
02162464-v,become glassy; lose clear vision,"film over, glaze over, blur",,00122978-v,,change,x,,
01084999-v,become a participant; be involved in,"enter, participate",,02439823-v,,join,x,,
00416668-v,become established,set in,,02614382-v,,start,,,
00427911-v,"get lost, as without warning or explanation","disappear, vanish, go away",,00122978-v,,change,x,,
00589500-v,become ignited,"fire, flame up",,00122978-v,,change,x,,
01231088-v,become punctured or penetrated,break,,00122978-v,,change,x,,
01491476-v,become overloaded,overload,,00122978-v,,change,,,
02205920-v,"to get into a position of having, e.g., safety, comfort",take,,02215637-v,,get,,,Light Verb
02323383-v,become bankrupt or insolvent; fail financially and close,fail,,00122978-v,,change,,,
01822083-v,become heartened or elated,rise,,00122978-v,,change,,,
01858665-v,remove or draw away by the force of suction,suction,,00173351-v,"remove something concrete, as by lifting, pushing, or taking off, or remove something abstract","remove, take, take away, withdraw",x,,
01342187-v,remove all or part of one's clothes to show one's body,"uncover, expose",,02142175-v,,,x,,
00564177-v,"raise demand, expand the money supply, or raise prices, after a period of deflation",reflate,,00230031-v,increase the level of,"enhance, heighten, raise",x,,
02428558-v,"consciously restrain from showing; of emotions, desires, impulses, or behavior","inhibit, bottle up, suppress",,00233707-v,prevent the action or expression of,"restrain, keep, keep back, hold back",x,,
01310556-v,"reduce the level of land, as by erosion",degrade,,00241924-v,reduce in size; reduce physically,"shrink, reduce",x,,
00307079-v,burst and release energy as through a violent chemical or physical reaction,"detonate, explode, blow up",,00306798-v,"burst outward, usually with noise","explode, burst",x,,
02384670-v,"begin work or acting in a certain capacity, office or job","start, take up",,00346415-v,take the first step or steps in carrying out an action,"get down, begin, get, start out, start, set about, set out, commence",x,,
02431018-v,start to operate or function or cause to start operating or functioning,"open, open up",,00346415-v,take the first step or steps in carrying out an action,"get down, begin, get, start out, start, set about, set out, commence",x,,
00589392-v,start or maintain a fire in,"fire, light, ignite",,00349400-v,"set in motion, cause to start","begin, lead off, start, commence",x,,
02625202-v,hang on during a trial of endurance,"last out, stay, ride out, outride",,00351115-v,"be persistent, refuse to stop","persevere, persist, hang in, hang on, hold on",x,,
00734575-v,stick to correctly or closely,"observe, keep, maintain",,00352060-v,keep to,"stick to, stick with, follow",x,,
00801045-v,make a retreat from an earlier commitment or activity,"retreat, pull back, back out, back away, crawfish, crawfish out, pull in one's horns, withdraw",,02686624-v,prevent completion,stop,x,,
00803288-v,cease to consider; put out of judicial consideration,"dismiss, throw out",,02686624-v,prevent completion,stop,x,,
00017858-v,prepare for sleep,"go to bed, turn in, bed, crawl in, kip down, hit the hay, hit the sack, sack out, go to sleep, retire",,01839438-v,,go,x,,
01089608-v,prepare oneself for a military confrontation,"arm, build up, fortify, gird",,00407168-v,"make ready or suitable or equip in advance for a particular purpose or for some use, event, etc","fix, prepare, set up, ready, gear up, set",x,,
02769241-v,throw or flash the light of (a lamp),shine,,00425822-v,emit a brief burst of light,flash,x,,
01722190-v,be performed for the first time,"premier, premiere",,00426024-v,"come into being or existence, or appear on the scene","appear, come along",x,,
01748492-v,have (one's work) issued for publication,publish,,00426024-v,"come into being or existence, or appear on the scene","appear, come along",x,,
01195525-v,be spent,go,,00428350-v,cease to exist,"vanish, disappear",x,,
01207951-v,be ingested,go down,,00428350-v,cease to exist,"vanish, disappear",x,,
00059330-v,carry out a pregnancy,carry to term,,00485097-v,come or bring to a finish or an end,"complete, finish",x,,
02604762-v,come into the company of,join,,02492581-v,,meet,x,,
00423043-v,come into sight or view,appear,,00543200-v,"reach or enter a state, relation, condition, use, or position",come,x,,
02596409-v,develop a habit,take,,00546637-v,gain through experience,"develop, acquire, evolve",x,,
02606776-v,develop a habit; apply oneself to a practice or occupation,take to,,00546637-v,gain through experience,"develop, acquire, evolve",x,,
02432181-v,do away with,"abolish, get rid of",,00572138-v,get rid of something abstract,"remove, take away",x,,
01090246-v,remove offensive capability from,"disarm, demilitarize, demilitarise",,00572138-v,get rid of something abstract,"remove, take away",x,,
01478583-v,free or remove obstruction from,"free, disengage",,00572138-v,get rid of something abstract,"remove, take away",x,,
00593150-v,become clear or enter one's consciousness or emotions,"click, get through, dawn, come home, get across, sink in, penetrate, fall into place",,00592510-v,perceive (an idea or situation) mentally,"understand, realize, realise, see",x,,
00722732-v,realize beforehand,"anticipate, previse, foreknow, foresee",,00592510-v,perceive (an idea or situation) mentally,"understand, realize, realise, see",x,,
00590283-v,know and comprehend the nature or meaning of,understand,,00596016-v,be cognizant or aware of a fact or a specific piece of information; possess knowledge or information about,"know, cognize, cognise",x,,
00592510-v,perceive (an idea or situation) mentally,"understand, realize, realise, see",,00630153-v,"use or exercise the mind or one's power of reason in order to make inferences, decisions, or arrive at a solution or judgments","think, cogitate, cerebrate",x,,
00609334-v,recall knowledge from memory; have a recollection,"remember, retrieve, recall, call back, call up, recollect, think",,00630153-v,"use or exercise the mind or one's power of reason in order to make inferences, decisions, or arrive at a solution or judgments","think, cogitate, cerebrate",x,,
00610654-v,be unable to remember,"forget, block, blank out, draw a blank",,00630153-v,"use or exercise the mind or one's power of reason in order to make inferences, decisions, or arrive at a solution or judgments","think, cogitate, cerebrate",x,,
00611237-v,keep in mind for attention or consideration,"remember, think of",,00630153-v,"use or exercise the mind or one's power of reason in order to make inferences, decisions, or arrive at a solution or judgments","think, cogitate, cerebrate",x,,
00612810-v,recapture the past; indulge in memories,"remember, think back",,00630153-v,"use or exercise the mind or one's power of reason in order to make inferences, decisions, or arrive at a solution or judgments","think, cogitate, cerebrate",x,,
00721987-v,look forward to the probable occurrence of,"expect, look, await, wait",,00630153-v,"use or exercise the mind or one's power of reason in order to make inferences, decisions, or arrive at a solution or judgments","think, cogitate, cerebrate",x,,
00952463-v,show consideration for; take into account,"consider, count, weigh",,00630153-v,"use or exercise the mind or one's power of reason in order to make inferences, decisions, or arrive at a solution or judgments","think, cogitate, cerebrate",x,,
02679754-v,distinguish oneself,"excel, stand out, surpass",,02672316-v,,differ,x,,
01383303-v,assemble or get together,"gather, garner, collect, pull together",,00658247-v,arrange into a group or groups,group,x,,
00920843-v,"establish after a calculation, investigation, experiment, survey, or study","determine, find, find out, ascertain",,00666706-v,"establish the validity of something, as by an example, explanation or experiment","prove, demonstrate, establish, show, shew",x,,
00952369-v,be dared to do something and not attempt it,take a dare,,00671680-v,"accept or undergo, often unwillingly","take, submit",,x,
02242120-v,not accept as true,"refuse, reject, pass up, turn down, decline",,00672179-v,form a critical opinion of,"evaluate, pass judgment, judge",x,,
00681308-v,select as an alternative over another,"choose, prefer, opt",,00676526-v,"pick out, select, or choose from a number of alternatives","choose, take, select, pick out",x,,
01198570-v,choose not to consume,"abstain, refrain, desist",,00681308-v,select as an alternative over another,"choose, prefer, opt",x,,
01800811-v,turn away from sin or do penitence,"repent, atone",,00687584-v,not accept something given or offered,reject,x,,
02670095-v,put trust in with confidence,"depend on, depend upon, rely on, rely upon",,00690278-v,have confidence or faith in,trust,x,,
00646245-v,consider in detail and subject to an analysis in order to discover essential features or meaning,"analyze, analyse, study, examine, canvass",,00692380-v,deem to be,"see, consider, reckon, view, regard",x,,
00738221-v,break down into components or essential features,"analyze, analyse",,00692380-v,deem to be,"see, consider, reckon, view, regard",x,,
00654017-v,"identify as in botany or biology, for example","identify, discover, key, key out, distinguish, describe, name",,00701581-v,fix conclusively or authoritatively,"determine, set",x,,
02644022-v,stay in one place and anticipate or expect something,wait,,00721987-v,look forward to the probable occurrence of,"expect, look, await, wait",x,,
01830665-v,expect and wish,"hope, trust, desire",,00721987-v,look forward to the probable occurrence of,"expect, look, await, wait",x,,
00845147-v,"blame for, make a claim of wrongdoing or misbehavior against","charge, accuse",,00729953-v,attribute responsibility to,"blame, charge",x,,
01032165-v,assign a name or title to,"designate, denominate",,00742058-v,decide as to where something belongs in a scheme,"assign, attribute",x,,
02505278-v,impose a penalty on; inflict punishment on,"punish, penalize, penalise",,00750288-v,impose something unpleasant,"inflict, bring down, visit, impose",,x,
02747557-v,give access or entrance to,admit,,00803980-v,,allow,x,,
02503641-v,call before a court to answer an indictment,arraign,,00755926-v,"order, summon, or request for a specific duty or activity, work, role",call,x,,
02410046-v,cause to leave,"take out, move out, remove",,00772482-v,cause to do; cause to act in a specified manner,"induce, stimulate, cause, have, get, make",x,,
02449965-v,cause to be no longer approved or accepted,"decertify, derecognize, derecognise",,00126072-v,,change,x,,
02600625-v,cause a group or mass of people to act on an impulse or hurriedly and impulsively,stampede,,00772482-v,cause to do; cause to act in a specified manner,"induce, stimulate, cause, have, get, make",x,,
02687449-v,cause to give up a habit,break,,00772482-v,cause to do; cause to act in a specified manner,"induce, stimulate, cause, have, get, make",x,,
02687605-v,"cause to continue in a certain state, position, or activity","keep, maintain, hold",,00772482-v,cause to do; cause to act in a specified manner,"induce, stimulate, cause, have, get, make",x,,
02720606-v,cause to bulge out or project,protuberate,,00772482-v,cause to do; cause to act in a specified manner,"induce, stimulate, cause, have, get, make",x,,
02768426-v,cause to burn or combust,"burn, combust",,00126072-v,,change,x,,
01839045-v,cause to get stuck as if in a mire,"mire, bog down",,02458316-v,,preclude,x,,
01852000-v,cause to fly or float,fly,,00772482-v,cause to do; cause to act in a specified manner,"induce, stimulate, cause, have, get, make",x,,
01854282-v,"cause to move or shift into a new position or place, both in a concrete and in an abstract sense","move, displace",,00126072-v,,change,x,,
01863207-v,cause to end,stop,,00126072-v,,change,x,,
01868216-v,begin or set in motion,"start, go, get going",,00126072-v,,change,x,,
01904753-v,cause to stumble,"trip, trip up",,02456614-v,,impede,x,,
01969163-v,cause to jump or leap,"jump, leap",,00772482-v,cause to do; cause to act in a specified manner,"induce, stimulate, cause, have, get, make",x,,
01993576-v,cause to burst,"collapse, burst",,00126072-v,,change,x,,
02001544-v,cause to travel backward,back,,00772482-v,cause to do; cause to act in a specified manner,"induce, stimulate, cause, have, get, make",x,,
02056400-v,cause to pass,"pass, make pass",,00772482-v,cause to do; cause to act in a specified manner,"induce, stimulate, cause, have, get, make",x,,
02071617-v,cause to flow,flow,,00772482-v,cause to do; cause to act in a specified manner,"induce, stimulate, cause, have, get, make",x,,
02091072-v,cause to run in panic,stampede,,00772482-v,cause to do; cause to act in a specified manner,"induce, stimulate, cause, have, get, make",x,,
01620211-v,make or cause to be or to become,"make, create",,00772482-v,cause to do; cause to act in a specified manner,"induce, stimulate, cause, have, get, make",x,,
01647780-v,cause to appear,bring on,,02145619-v,,bring forth,x,,
01656437-v,cause to bear fruit,fruit,,00772482-v,cause to do; cause to act in a specified manner,"induce, stimulate, cause, have, get, make",x,,
01721028-v,cause to emit recorded audio or video,"play, run",,00346415-v,,start,,,
00100659-v,cause to do preliminary exercises so as to stretch the muscles,warm up,,00407168-v,,prepare,x,,
02113245-v,cause to experience suddenly,"hit, strike, come to",,00725311-v,,occur,x,,
02120261-v,cause to sense; make sensitive,"sensitize, sensitise",,00126072-v,,change,x,,
02125888-v,cause to perceive an itch,itch,,00772482-v,cause to do; cause to act in a specified manner,"induce, stimulate, cause, have, get, make",x,,
02128368-v,have perceptible qualities,cause to be perceived,,02609706-v,,be,,,
02171205-v,cause oneself to consider something,bethink,,00630153-v,,think,x,,
02183962-v,cause to sound,sound,,00772482-v,cause to do; cause to act in a specified manner,"induce, stimulate, cause, have, get, make",x,,
00602773-v,cause to be immersed,"plunge, immerse",,00126072-v,,change,,,
01136251-v,cause to go off,"fire, discharge",,00772482-v,cause to do; cause to act in a specified manner,"induce, stimulate, cause, have, get, make",x,,
01156641-v,cause to get out,"retire, strike out",,02409366-v,,remove,x,,
00126072-v,cause to change; make different; cause a transformation,"change, alter, modify",,00772482-v,cause to do; cause to act in a specified manner,"induce, stimulate, cause, have, get, make",x,,
00349400-v,"set in motion, cause to start","begin, lead off, start, commence",,00772482-v,cause to do; cause to act in a specified manner,"induce, stimulate, cause, have, get, make",x,,
01233274-v,urge on; cause to act,"prod, incite, egg on",,00772482-v,cause to do; cause to act in a specified manner,"induce, stimulate, cause, have, get, make",x,,
01326622-v,"cause to die; put to death, usually intentionally or knowingly",kill,,00126072-v,,change,x,,
01328218-v,"cause the death of, without intention",kill,,00126072-v,,change,x,,
01328456-v,deprive of life,kill,,00126072-v,,change,x,,
01330694-v,"cause to become accidentally or suddenly caught, ensnared, or entangled",catch,,01299048-v ,,attach,x,,
01348685-v,cause to open or to become open,"open, open up",,00126072-v,,change,,,
01460857-v,cause (a solvent) to pass through a permeable substance in order to extract a soluble constituent,percolate,,02057114-v,,pass through,,,
01565514-v,cause to collide,collide,,00772482-v,cause to do; cause to act in a specified manner,"induce, stimulate, cause, have, get, make",x,,
00860989-v,cause (somebody) to feel happier or more cheerful,"cheer, cheer up, jolly along, jolly up",,01822202-v,,encourage,x,,
00907012-v,cause to be acquitted; get off the hook; in a legal case,get off,,00126072-v,,change,x,,
02225243-v,cause to change ownership,transfer,,00126072-v,,change,x,,
02321848-v,"cause to have, in the abstract sense or physical sense",give,,02225243-v,,transfer,x,,
01777456-v,cause to be bitter or resentful,"embitter, envenom, acerbate",,01818363-v,,demoralize,x,,
01791641-v,cause to go crazy; cause to lose one's mind,"madden, craze",,00126072-v,,change,x,,
01820398-v,make happy or satisfied,"satisfy, gratify",,00126072-v,,change,x,,
01823114-v,deprive of courage or hope; take away hope from; cause to feel discouraged,discourage,,00126072-v,,change,x,,
01825834-v,cause to be bored,"bore, tire",,01763170-v,,evoke,,x,
02709149-v,"give in, as to influence or pressure","yield, relent, soften",,00799359-v,give an affirmative reply to; respond favorably to,"accept, consent, go for",x,,
00687320-v,dismiss from consideration or a contest,"rule out, eliminate, winnow out, reject",,00802592-v,bar from attention or consideration,"dismiss, disregard, brush aside, brush off, discount, push aside, ignore",x,,
02376443-v,shun the company of others,keep to oneself,,00813811-v,avoid and stay away from deliberately; stay clear of,"shun, eschew",x,,
01777655-v,accept or admit unwillingly,grudge,,00818972-v,declare to be true or admit the existence or reality or truth of,"admit, acknowledge",x,,
01070402-v,deny formally (an allegation of fact by the opposing party) in a legal suit,"traverse, deny",,00825097-v,deny the truth of,"contradict, negate, contravene",x,,
02303593-v,propose a payment,"offer, bid, tender",,00876925-v,"make a proposal, declare a plan for something","propose, suggest, advise",x,,
00894444-v,acknowledge faults or shortcomings or failing,"apologize, apologise",,00893988-v,"express obligation, thanks, or gratitude for","acknowledge, recognize, recognise",x,,
01884666-v,"indicate by beating, as with the fingers or drumsticks",beat,,00923271-v,be a signal for or a symptom of,"bespeak, betoken, indicate, point, signal",x,,
02747668-v,show grammatical agreement,agree,,00925764-v,"indicate a place, direction, person, or thing; either spatially or figuratively","indicate, point, designate, show",x,,
00909100-v,"express complaints, discontent, displeasure, or unhappiness","complain, kick, plain, sound off, quetch, kvetch",,00942415-v,"articulate; either verbally or with a cry, shout, or noise","express, verbalize, verbalise, utter, give tongue to",x,,
00991233-v,give a speech to,"address, speak",,00942415-v,"articulate; either verbally or with a cry, shout, or noise","express, verbalize, verbalise, utter, give tongue to",x,,
00980581-v,"speak, pronounce, or utter in a certain way","pronounce, articulate, enounce, sound out, enunciate, say",,00944022-v,express in speech,"talk, speak, utter, mouth, verbalize, verbalise",x,,
01472854-v,express willingness to have in one's home or environs,"receive, take in, invite",,02240906-v,,accept,x,,
00942415-v,"articulate; either verbally or with a cry, shout, or noise","express, verbalize, verbalise, utter, give tongue to",,00945869-v,give expression to,"express, show, evince",x,,
00985856-v,express audibly; utter sounds (not necessarily words),"utter, emit, let out, let loose",,00945869-v,give expression to,"express, show, evince",x,,
01827099-v,show no concern or interest; always used in the negative,"care a hang, give a hoot, give a hang, give a damn",,00945869-v,give expression to,"express, show, evince",x,,
01013752-v,say yes to,affirm,,00981902-v,utter aloud,say,x,,
01703755-v,write or name the letters that comprise the conventionally accepted form of (a word or part of a word),"spell, write",,00995046-v,communicate or express by writing,write,x,,
01022740-v,write all the required information onto a form,"complete, fill out, fill in, make out",,00995046-v,communicate or express by writing,write,x,,
01009072-v,communicate (with) in writing,"write, drop a line",00745330-v,01008855-v,exchange messages,correspond,x,,
01011848-v,state as one's opinion or judgement; declare,say,,01011267-v,express in words,"state, say, tell",x,,
02133118-v,observe without intervening,"watch, look on",,01022014-v,make mention of,"note, observe, mention, remark",x,,
01806476-v,give verbal or other expression to one's feelings,"express emotion, express feelings",,01062889-v,serve as a means for expressing something,"carry, convey, express",x,,
02270039-v,keep an account of,"account, calculate",,01067899-v,maintain by writing regular records,"keep, maintain",x,,
01081873-v,"contend against an opponent in a sport, game, or battle","meet, encounter, play, take on",,01074673-v,compete for something; engage in a contest; measure oneself against others,"compete, vie, contend",x,,
02391408-v,be ordained; enter the Christian ministry,take orders,,01084999-v,become a participant; be involved in,"enter, participate",x,,
01814900-v,abandon hope; give up hope; lose heart,despair,,01775456-v,,feel,x,,
01110559-v,win a victory over,"get the better of, overcome, defeat",,01102556-v,be the winner in a contest or competition; be victorious,win,x,,
01120499-v,yield to the control of another,submit,,01118865-v,cease opposition; stop fighting,yield,x,,
02731589-v,resist doing something,"refrain, forbear",,01119003-v,stand up or offer resistance to somebody or something,"resist, hold out, withstand, stand firm",x,,
01985293-v,shoot at and force to come down,"down, shoot down, land",,01139564-v,hit with a missile from a weapon,"shoot, hit, pip",x,,
01170802-v,take in solid food,eat,,01159300-v,"serve oneself to, or consume regularly","consume, ingest, take in, take, have",x,,
02714280-v,use up a period of time in a specific way,"spend, pass",,01159815-v,use up (resources or materials),"consume, eat up, use up, eat, deplete, exhaust, run through, wipe out",x,,
01160800-v,use frugally or carefully,spare,01159815-v,01159815-v,"use up, consume fully","use, expend",x,,
00203575-v,change the inherent purpose or function of something,"pervert, misuse, abuse",01159815-v,01159815-v,"use up, consume fully","use, expend",x,,
00203918-v,use wrongly or improperly or excessively,abuse,01159815-v,01159815-v,"use up, consume fully","use, expend",x,,
02272834-v,require (time or space),"take, occupy, use up",01159815-v,02634015-v,,require,x,,
02273196-v,spend thoughtlessly; throw away,"waste, blow, squander",01159815-v,01159815-v,"use up, consume fully","use, expend",x,,
02445887-v,exercise authoritative control or power over,"control, command",,00751211-v,,direct,x,,
01204494-v,pass through the esophagus as part of eating or drinking,"swallow, get down",,01159300-v,,ingest,x,,
90004861-v,to be under the influence of methamphetamine,tweak,,01203572-v,"get high, stoned, or drugged","trip, trip out, turn on, get off",x,,
01604155-v,support or hold in a certain manner,"hold, carry, bear",,01219607-v,be the physical support of; carry the weight of,"hold, support, sustain, hold up",x,,
02487489-v,open (a place) to members of all races and ethnic groups,"desegregate, integrate, mix",,01348685-v,cause to open or to become open,"open, open up",x,,
02773266-v,"give off, send forth, or discharge; as of light, heat, or radiation, vapor, etc.","emit, give out, give off",,01381221-v,distribute or disperse widely,"spread, distribute",x,,
02552922-v,bring shame or dishonor upon,"dishonor, disgrace, dishonour, attaint, shame",,02463257-v,,disrespect,x,,
01545624-v,hang down so as to drag along the ground,trail,,01484705-v,be suspended or hanging,hang,x,,
02389183-v,put into an office or a position,"install, instal",,01496967-v,put into a certain place or abstract location,"put, set, place, pose, position, lay",x,,
01339317-v,put something on top of something else,"overlay, cover",,01496967-v,put into a certain place or abstract location,"put, set, place, pose, position, lay",x,,
02541026-v,attract attention onto oneself,"take the stage, take stage",,00423043-v,,appear,x,,
01529271-v,run disconnected or idle,"idle, tick over",,01529078-v,"be operating, running or functioning",run,x,,
02771422-v,suck or take up or in,"absorb, take in",,01543237-v,take up a liquid or a gas either by adsorption or by absorption,"sorb, take up",x,,
01572936-v,place,"install, instal, set up, establish",,01572394-v,set up for use,"install, instal, put in, set up",x,,
02523827-v,behave in a certain manner,"behave, acquit, bear, deport, conduct, comport, carry",,02372362-v,,"act, do",x,,
01137797-v,release or pull the trigger on,trigger,,01647199-v,,activate,x,,
02427979-v,make it possible through a specific action or lack of action for something to happen,"let, allow, permit",,01620211-v,make or cause to be or to become,"make, create",,,
01624592-v,create or manufacture a man-made product,"produce, make, create",,01620211-v,make or cause to be or to become,"make, create",x,,
02141597-v,make visible or noticeable,show,,00126072-v,,change,x,,
00699355-v,"reach, make, or come to a decision about something","decide, make up one's mind, determine",,00630153-v,,think,x,,
01613738-v,make an incision or separation,cut,,01559703-v,,separate,x,,
00892111-v,make certain of,"guarantee, ensure, insure, assure, secure",,00666401-v,,verify,x,,
02284863-v,make neither profit nor loss,break even,,02678923-v,,balance,x,,
01771801-v,have an emotional or cognitive impact upon,"affect, impress, move, strike",,00137133-v,,impact,x,,
01817466-v,make glad or happy,"gladden, joy",,01763170-v,,provoke,x,,
02587562-v,bring a criminal action against (in a trial),prosecute,,01621566-v,advance or set forth in court,"institute, bring",x,,
00638550-v,use as a basis for; found on,"establish, base, ground, found",,01631641-v,bring into being,"originate, initiate, start",x,,
02557529-v,bring into safety,"save, carry through, pull through, bring through",,02372362-v,,"act, do",x,,
02726572-v,to bring something about at a later time than,follow,,01632781-v,cause to happen or to occur as a consequence,"bring, work, play, wreak, make for",x,,
00723989-v,search and discover through persistent investigation,"ferret out, ferret",,01641524-v,"make a discovery, make a new finding","discover, find",x,,
01116045-v,cause a run or runner to be scored,drive in,,01114241-v,,score,,,
01528454-v,perform as expected when applied,"function, work, operate, go, run",,01716563-v,carry out or perform an action,"perform, execute, do",x,,
01743695-v,"cultivate by growing, often involving improvements by means of agricultural techniques","grow, raise, farm, produce",02560130-v,02560130-v,,,,,
01200388-v,produce by metabolism,"metabolize, metabolise",,01756303-v,bring forth or yield,"produce, bring forth",x,,
01193481-v,take delight in,"delight, enjoy, revel",,01775456-v,undergo an emotional sensation or be in a particular state of mind,"feel, experience",x,,
01203572-v,"get high, stoned, or drugged","trip, trip out, turn on, get off",,01775456-v,undergo an emotional sensation or be in a particular state of mind,"feel, experience",x,,
01771015-v,"be worried, concerned, anxious, troubled, or uneasy",worry,,01775456-v,undergo an emotional sensation or be in a particular state of mind,"feel, experience",x,,
01779085-v,have a great affection or liking for,love,,01775456-v,undergo an emotional sensation or be in a particular state of mind,"feel, experience",x,,
01780648-v,have or feel a dislike or distaste for,dislike,,01775456-v,undergo an emotional sensation or be in a particular state of mind,"feel, experience",x,,
01781131-v,find enjoyable or agreeable,like,,01775456-v,undergo an emotional sensation or be in a particular state of mind,"feel, experience",x,,
01784021-v,be afraid or scared of; be frightened of,"fear, dread",,01775456-v,undergo an emotional sensation or be in a particular state of mind,"feel, experience",x,,
01800044-v,feel intense anger,rage,,01775456-v,undergo an emotional sensation or be in a particular state of mind,"feel, experience",x,,
01824240-v,derive or receive pleasure from; get enjoyment from; take pleasure in,"enjoy, bask, relish, savor, savour",,01775456-v,undergo an emotional sensation or be in a particular state of mind,"feel, experience",x,,
01829067-v,wish ill or allow unwillingly,"begrudge, resent",,01775456-v,undergo an emotional sensation or be in a particular state of mind,"feel, experience",x,,
01829179-v,feel or have a desire for; want strongly,"desire, want",,01775456-v,undergo an emotional sensation or be in a particular state of mind,"feel, experience",x,,
90003391-v,to be a extreme female fan of something,fangirl,,01779085-v,have a great affection or liking for,love,,x,
00016695-v,let the head fall forward through drowsiness,nod,,01835473-v,"move so as to change position, perform a nontranslational motion",move,x,,
01215710-v,to make grasping motions,snatch,,01835473-v,"move so as to change position, perform a nontranslational motion",move,x,,
02749796-v,come forth,"issue forth, come",,01839438-v,"change location; move, travel, or proceed, also metaphorically","travel, go, move, locomote",x,,
01846997-v,make a trip for pleasure,"travel, trip, jaunt",,01839438-v,"change location; move, travel, or proceed, also metaphorically","travel, go, move, locomote",x,,
01872892-v,"move with slow, sinuous movements",wreathe,,01839438-v,"change location; move, travel, or proceed, also metaphorically","travel, go, move, locomote",x,,
02013448-v,go away from a place,"leave, go forth, go away",,01839438-v,"change location; move, travel, or proceed, also metaphorically","travel, go, move, locomote",x,,
02020375-v,to come or go into,"enter, come in, get into, get in, go into, go in, move into",,01839438-v,"change location; move, travel, or proceed, also metaphorically","travel, go, move, locomote",x,,
00615374-v,"go and leave behind, either intentionally or by neglect or forgetfulness",leave,,01839438-v,"change location; move, travel, or proceed, also metaphorically","travel, go, move, locomote",x,,
01096197-v,go on a campaign; go off to war,"campaign, take the field",,01839438-v,"change location; move, travel, or proceed, also metaphorically","travel, go, move, locomote",x,,
01157556-v,catch up with and possibly overtake,"overtake, catch, catch up with",,01839438-v,"change location; move, travel, or proceed, also metaphorically","travel, go, move, locomote",x,,
01214794-v,"pass over, across, or through","guide, run, draw, pass",,01839438-v,"change location; move, travel, or proceed, also metaphorically","travel, go, move, locomote",x,,
01545450-v,fall or flow in a certain way,"hang, fall, flow",,01839438-v,"change location; move, travel, or proceed, also metaphorically","travel, go, move, locomote",x,,
02085825-v,depart and not take along,leave behind,,00615374-v,,leave,x,,
02603759-v,"present oneself formally, as before a (judicial) authority",appear,,02009962-v,,come,x,,
01847990-v,come to see in an official or professional capacity,"visit, inspect",,01853188-v,"move toward, travel toward something or somebody or approach something or somebody","come, come up",x,,
02026953-v,come together,"meet, run into, encounter, run across, come across, see",,02372362-v,,act,x,,
00530070-v,come out of,"issue, emerge, come out, come forth, go forth, egress",,01853188-v,"move toward, travel toward something or somebody or approach something or somebody","come, come up",x,,
01347791-v,move so that an opening or passage is obstructed; make shut,"close, shut",,01854282-v,"cause to move or shift into a new position or place, both in a concrete and in an abstract sense","move, displace",x,,
01381221-v,distribute or disperse widely,"spread, distribute",,01854282-v,"cause to move or shift into a new position or place, both in a concrete and in an abstract sense","move, displace",x,,
02644022-v,stay in one place and anticipate or expect something,wait,,01861378-v,stay put (in a certain place),"stay, stick, stick around, stay put",x,,
02719932-v,force (molten rock) into pre-existing rock,thrust,,01875972-v,move with force,"push, force",x,,
02762779-v,fall from clouds,"precipitate, come down, fall",,01976312-v,descend in free fall under the influence of gravity,fall,x,,
01987611-v,rise up as in fear,"bristle, uprise, stand up",,01985637-v,"stand up on the hind legs, of quadrupeds","rear, rise up",x,,
00991522-v,rise in order to make a speech or motion,take the floor,,01987278-v,rise to one's feet,"arise, rise, uprise, get up, stand up",x,,
02623851-v,"pass, fare, or elapse; of a certain state of affairs or action",go,,01996535-v,"move forward, also in the metaphorical sense","advance, progress, pass on, move on, march on, go on",x,,
01724519-v,come on stage,enter,,02009962-v,reach a destination; arrive by movement or progress,"arrive, get, come",x,,
00018151-v,get up and out of bed,"get up, turn out, arise, uprise, rise",,02019450-v,move out of or depart from,"exit, go out, get out, leave",x,,
02009962-v,reach a destination; arrive by movement or progress,"arrive, get, come",,02024442-v,"reach a destination, either real or abstract","reach, make, attain, hit, arrive at, gain",x,,
00641511-v,reach by calculation,get,,02024442-v,"reach a destination, either real or abstract","reach, make, attain, hit, arrive at, gain",x,,
02253273-v,"come upon, as if by accident; meet with","find, happen, chance, bump, encounter",,02026953-v,come together,"meet, run into, encounter, run across, come across, see",x,,
01614650-v,distribute over a surface in a layer,spread,,02047080-v,cause to be distributed,"circulate, pass around, pass on, distribute",x,,
02091739-v,bring to port,port,,02081903-v,take something or somebody with oneself somewhere,"bring, convey, take",x,,
02122959-v,notice or perceive,"notice, mark, note",,02110960-v,to become aware of through the senses,"perceive, comprehend",x,,
02132531-v,see for the first time; make a discovery,discover,,02110960-v,to become aware of through the senses,"perceive, comprehend",x,,
02506046-v,receive punishment,get it,,02113108-v,receive as a retribution or punishment,"get, receive",,x,
02506138-v,receive punishment; be scolded or reprimanded,catch it,,02113108-v,receive as a retribution or punishment,"get, receive",,x,
00224721-v,suffer spiritual death; be damned (in the religious sense),die,,02113644-v,undergo or be subjected to,"suffer, endure",x,,
02110264-v,be aware of,"record, register",,02122959-v,notice or perceive,"notice, mark, note",x,,
02129097-v,be smelled; have a strong odor,reach one's nostrils,,02128137-v,,smell,x,,
02123398-v,observe with care or pay close attention to,"note, take note, observe",,02133118-v,observe without intervening,"watch, look on",x,,
02154940-v,look attentively,watch,,02134989-v,perceive with attention; direct one's gaze towards; look,look,x,,
01212242-v,examine by touch,"feel, finger",,02135744-v,"observe, check out, and look over carefully or inspect","examine, see",x,,
02728324-v,be received or accepted or interpreted in a specific way,play,,02137900-v,give a certain impression of being something or having a certain aspect,"look, appear, seem",x,,
02739681-v,be recorded or remembered,go down,,02137900-v,give a certain impression of being something or having a certain aspect,"look, appear, seem",x,,
02740528-v,undergo being photographed in a certain way,photograph,,02137900-v,give a certain impression of being something or having a certain aspect,"look, appear, seem",x,,
02109935-v,"appear to be moving upward, as by means of tendrils","ascend, climb up",,01972576-v,,arise,x,,
02706526-v,"be sounded, played, or expressed",go,,02139513-v,give off a certain sound or sounds,sound,x,,
02197640-v,detect with the senses,"spot, recognize, recognise, distinguish, discern, pick out, make out, tell apart",,02158938-v,"discover or determine the existence, presence, or fact of by perception with the eyes","detect, observe, find, discover, notice",x,,
02135744-v,"observe, check out, and look over carefully or inspect","examine, see",,02173796-v,watch attentively,observe,x,,
02776493-v,be the case that thunder is being heard,"thunder, boom",,02139513-v,give off a certain sound or sounds,sound,x,,
02129925-v,recognize or detect by or as if by smelling,"sniff out, scent out, smell out, nose out",,02197640-v,detect with the senses,"spot, recognize, recognise, distinguish, discern, pick out, make out, tell apart",x,,
02493817-v,give one's name or calling card to a servant when making a formal visit,send in,,02204104-v,transfer possession of something concrete or abstract to somebody,give,x,,Corpus evidence for this sense??
02615799-v,"have an end, in a temporal, spatial, or quantitative sense; either spatial or metaphorical","end, stop, finish, terminate, cease",,00109468-v,,change,x,,
02620216-v,"have life, be alive","be, live",,02609706-v,,"exist, be",x,,
02626667-v,form or compose,"constitute, represent, make up, comprise, be",,02609706-v,,be,,,High-level concept
02634015-v,"require as useful, just, or proper","necessitate, ask, postulate, need, require, take, involve, call for, demand",,02681865-v,,pertain,,,
02639021-v,"have as a part, be made up out of",include,,02208144-v,"have or possess, either in a concrete or an abstract sense","have, have got, hold",x,,
02738673-v,have room for; hold without crowding,"accommodate, hold, admit",,02208144-v,"have or possess, either in a concrete or an abstract sense","have, have got, hold",x,,
02748107-v,have certain properties when driven,"drive, ride",,01528454-v,,operate,x,,
02748357-v,have a specified degree of importance,mean,,00837915-v,,represent,x,,
02750326-v,have the financial means to do something or buy something,afford,,02593624-v,,manage,x,,
02750526-v,have an opening or passage or outlet,open,,02609706-v,,be,x,,
02751361-v,afford possibility,"admit, allow",,02208144-v,,have,x,,
01191646-v,have or feel a need for,need,,01191258-v,,need,x,,
02198732-v,have flavor; taste of something,"taste, savor, savour",,02137900-v,,seem,,,
00596016-v,be cognizant or aware of a fact or a specific piece of information; possess knowledge or information about,"know, cognize, cognise",,,,,,,Top-level concept
00597527-v,have fixed in the mind,know,,00596016-v,,know,,,
00710367-v,have in mind as a purpose,"intend, mean, think",,02372362-v,,act,,,Top-level concept
00258995-v,have an opening that allows light or substances to enter or go out,leak,,02750526-v,have an opening or passage or outlet,open,x,,
01219234-v,have or hold in one's hands or grip,hold,,02208144-v,"have or possess, either in a concrete or an abstract sense","have, have got, hold",x,,
02209474-v,have ownership or possession of,"own, have, possess",,02208144-v,"have or possess, either in a concrete or an abstract sense","have, have got, hold",x,,
02736010-v,have left or have as a remainder,leave,02208144-v,02208144-v,,,x,,
02113108-v,receive as a retribution or punishment,"get, receive",,02214901-v,get something; come into possession of,"receive, have",x,,
02320918-v,receive from a predecessor,inherit,,02214901-v,get something; come into possession of,"receive, have",x,,
02363654-v,to be given by assignment or distribution,fall,,00342572-v,,come,x,,
02363921-v,to be given by right or inheritance,fall,,00342572-v,,come,x,,
01216829-v,"get into one's hands, take physically","take, get hold of",,02215637-v,come into the possession of something concrete or abstract,"get, acquire",x,,
02508565-v,refuse entrance or membership,"reject, turn down, turn away, refuse",,02217607-v,refuse to let have,"deny, refuse",x,,
02622766-v,support oneself,"exist, survive, live, subsist",,02609706-v,,"exist, be",x,,
02635337-v,get rid of something,"obviate, rid of, eliminate",,02228837-v,dispose of,"get rid of, remove",x,,
00551194-v,"lay aside, abandon, or leave for another","switch, shift, change",,02232813-v,"forsake, leave behind",abandon,x,,
01113439-v,"obtain advantages, such as points, etc.","gain, advance, win, pull ahead, make headway, get ahead, gain ground",,02242867-v,come into possession of,obtain,,x,
02540602-v,seek someone's favor,"woo, court",,02245263-v,try to get or reach,seek,x,,
02271905-v,pay out,"spend, expend, drop","02256551-v, 01159815-v",02256551-v,"give money, usually in exchange for goods or services",pay,x,,
02368741-v,"record, add up, and receive payment for items purchased",check out,,02256551-v,"give money, usually in exchange for goods or services",pay,x,,
02426474-v,grant freedom to; free from confinement,"free, liberate, release, unloose, unloosen, loose",,00126072-v,,change,x,,
02570061-v,grant relief or an exemption from a rule or requirement to,"exempt, relieve, free",,00126072-v,,change,x,,
01008855-v,exchange messages,correspond,,02262178-v,"give to, and receive from, one another","exchange, change, interchange",x,,
01159815-v,use up (resources or materials),"consume, eat up, use up, eat, deplete, exhaust, run through, wipe out",02372362-v,02271905-v,pay out,"spend, expend, drop",x,,
02271765-v,spend less; buy at a reduced price,save,,02271905-v,pay out,"spend, expend, drop",x,,
02572007-v,lose one's chastity,fall,,00122978-v,,change,,x,
02134482-v,be no longer able to see,lose sight of,,02292634-v,"fail to keep or to maintain; cease to have, either physically or in an abstract sense",lose,x,,
00599310-v,gain knowledge or skills,"learn, larn, acquire",,02293158-v,win something through one's efforts,"acquire, win, gain",x,,
02604140-v,get people together,"assemble, gather, get together",,00158612-v,,accumulate,x,,
02270824-v,accumulate money for future use,"save, lay aside, save up",,02309962-v,get or gather together,"roll up, collect, accumulate, pile up, amass, compile, hoard",x,,
01622250-v,deprive of certain characteristics,"unmake, undo",,00126072-v,,change,x,,
02516942-v,give free rein to,indulge,,02372362-v,,act,,x,
02561834-v,"give moral or psychological support, aid, or courage to","support, back up",,02372362-v,,act,,x,
00618547-v,give little or no attention to,"neglect, ignore, disregard",,02372362-v,,act,,x,
00781646-v,give a rest to,rest,,02372362-v,,act,,x,
02322074-v,"bestow, especially officially","grant, give",,02321848-v,"cause to have, in the abstract sense or physical sense",give,x,,
02363033-v,afford access to,"afford, open, give",,,,,,,delete synset
01821097-v,give displeasure to,displease,,00772482-v,,induce,,x,
00078513-v,provide treatment for,"treat, care for",,02519853-v,,handle,,x,
02409366-v,remove from a position or an office,remove,,02372362-v,"perform an action, or work out or perform (an action)","act, do",,x,
02427126-v,free from obligations or duties,"free, discharge",,02372362-v,"perform an action, or work out or perform (an action)","act, do",,x,
02429499-v,come down on or keep down by unjust use of one's authority,"oppress, suppress, crush",,02372362-v,"perform an action, or work out or perform (an action)","act, do",,x,
02481345-v,"assign a duty, responsibility or obligation to","appoint, charge",,02372362-v,"perform an action, or work out or perform (an action)","act, do",,x,
02492581-v,get together socially or for a specific purpose,"meet, get together",,02372362-v,"perform an action, or work out or perform (an action)","act, do",,x,
02500687-v,deprive of freedom; take into confinement,"confine, detain",,02372362-v,"perform an action, or work out or perform (an action)","act, do",,x,
02523827-v,behave in a certain manner,"behave, acquit, bear, deport, conduct, comport, carry",,02372362-v,"perform an action, or work out or perform (an action)","act, do",,x,
02529837-v,attain success or reach a desired goal,"succeed, win, come through, bring home the bacon, deliver the goods",,02372362-v,"perform an action, or work out or perform (an action)","act, do",,x,
02534950-v,fail to do something; leave something undone,"fail, neglect",,02372362-v,"perform an action, or work out or perform (an action)","act, do",,x,
02539728-v,do without or cease to hold or adhere to,"waive, relinquish, forgo, forego, foreswear, dispense with",,02372362-v,"perform an action, or work out or perform (an action)","act, do",,x,
02567247-v,avail oneself to,"practice, apply, use",,02372362-v,"perform an action, or work out or perform (an action)","act, do",,x,
02602368-v,almost do or experience something,come near,,02372362-v,"perform an action, or work out or perform (an action)","act, do",,x,
02614382-v,"have a beginning, in a temporal, spatial, or evaluative sense","begin, start",,00109468-v,,change,x,,
02620422-v,lead a certain kind of life; live in a certain style,live,,02609706-v,,exist,,x,
02628315-v,be or become joined or united or linked,"connect, link, link up, join, unite",,02681865-v,,relate,,x,
02736899-v,stay behind,"persist, remain, stay",,02372362-v,"perform an action, or work out or perform (an action)","act, do",,x,
02775199-v,be blowing or storming,blow,,02372362-v,"perform an action, or work out or perform (an action)","act, do",,x,
01159300-v,"serve oneself to, or consume regularly","consume, ingest, take in, take, have",,02372362-v,"perform an action, or work out or perform (an action)","act, do",,x,
01161188-v,put into service; make work or employ for a particular purpose or for its inherent or natural purpose,"use, utilize, utilise, apply, employ",,02372362-v,"perform an action, or work out or perform (an action)","act, do",,x,
01861703-v,get going or set in motion,"start, start up",,02372362-v,"perform an action, or work out or perform (an action)","act, do",,x,
02003830-v,take somebody somewhere,"lead, take, direct, conduct, guide",,02372362-v,"perform an action, or work out or perform (an action)","act, do",,x,
02024442-v,"reach a destination, either real or abstract","reach, make, attain, hit, arrive at, gain",,02372362-v,"perform an action, or work out or perform (an action)","act, do",,x,
02035003-v,make a division or separation,"separate, divide",,02372362-v,"perform an action, or work out or perform (an action)","act, do",,x,
02082838-v,bring in a new person or object into a familiar environment,"bring in, introduce",,02372362-v,"perform an action, or work out or perform (an action)","act, do",,x,
01716563-v,carry out or perform an action,"perform, execute, do",,02372362-v,"perform an action, or work out or perform (an action)","act, do",,x,
01720741-v,be performed or presented for public viewing,play,,02372362-v,"perform an action, or work out or perform (an action)","act, do",,x,
01757596-v,bring into existence,create,,02372362-v,"perform an action, or work out or perform (an action)","act, do",,x,
00001740-v,"draw air into, and expel out of, the lungs","breathe, take a breath, respire, suspire",,02372362-v,"perform an action, or work out or perform (an action)","act, do",,x,
00010428-v,behave in a certain manner; show a certain behavior; conduct or comport oneself,"act, behave, do","01604155-v, 02372362-v",02372362-v,"perform an action, or work out or perform (an action)","act, do",,x,
02140736-v,to throw or bend back (from a surface),"reflect, reverberate",,02372362-v,"perform an action, or work out or perform (an action)","act, do",,x,
02156396-v,"be vigilant, be on the lookout or be careful","watch, look out, watch out",,02372362-v,"perform an action, or work out or perform (an action)","act, do",,x,
02161530-v,bring onto the market or release,"produce, bring on, bring out",,02372362-v,"perform an action, or work out or perform (an action)","act, do",,x,
00600349-v,"get to know or become aware of, usually accidentally","learn, hear, get word, get wind, pick up, find out, get a line, discover, see",,02372362-v,"perform an action, or work out or perform (an action)","act, do",,x,
00601387-v,be a student of a certain subject,"learn, study, read, take",,02372362-v,"perform an action, or work out or perform (an action)","act, do",,x,
00612092-v,put in the mind of someone,remind,,02372362-v,"perform an action, or work out or perform (an action)","act, do",,x,
00616690-v,leave undone or leave out,"neglect, pretermit, omit, drop, miss, leave out, overlook, overleap",,02372362-v,"perform an action, or work out or perform (an action)","act, do",,x,
00630153-v,"use or exercise the mind or one's power of reason in order to make inferences, decisions, or arrive at a solution or judgments","think, cogitate, cerebrate",,02372362-v,"perform an action, or work out or perform (an action)","act, do",,x,
00645135-v,"make a mathematical, chemical, or grammatical analysis of; break down into components or essential features","analyze, analyse, break down, dissect, take apart",,02372362-v,"perform an action, or work out or perform (an action)","act, do",,x,
00667804-v,establish or strengthen as with new evidence or facts,"confirm, corroborate, sustain, substantiate, support, affirm",,02372362-v,"perform an action, or work out or perform (an action)","act, do",,x,
00701581-v,fix conclusively or authoritatively,"determine, set",,02372362-v,"perform an action, or work out or perform (an action)","act, do",,x,
01079008-v,have a turn; make one's move in a game,"move, go",,02372362-v,"perform an action, or work out or perform (an action)","act, do",,x,
01092746-v,be engaged in a fight; carry on a fight,"contend, fight, struggle",,02372362-v,"perform an action, or work out or perform (an action)","act, do",,x,
01102556-v,be the winner in a contest or competition; be victorious,win,,02372362-v,"perform an action, or work out or perform (an action)","act, do",,x,
01122487-v,attack someone physically or emotionally,"assail, assault, set on, attack",,02372362-v,"perform an action, or work out or perform (an action)","act, do",,x,
01136664-v,go off or discharge,"fire, discharge, go off",,02372362-v,"perform an action, or work out or perform (an action)","act, do",,x,
01151936-v,"put (a card or piece) into play during a game, or act strategically as if in a card game",play,,02372362-v,"perform an action, or work out or perform (an action)","act, do",,x,
00109468-v,undergo a change; become different in essence; losing one's or its original nature,change,,02372362-v,,"act, do",,,Top-level concept
00122978-v,"become different in some particular way, without permanently losing one's or its former characteristics or essence","change, alter, vary",,02372362-v,,"act, do",,,Top-level concept
00173351-v,"remove something concrete, as by lifting, pushing, or taking off, or remove something abstract","remove, take, take away, withdraw",,02372362-v,"perform an action, or work out or perform (an action)","act, do",,x,
00234091-v,place limits on (extent or amount or access),"restrict, trammel, limit, bound, confine, throttle",,02372362-v,"perform an action, or work out or perform (an action)","act, do",,x,
00346415-v,take the first step or steps in carrying out an action,"get down, begin, get, start out, start, set about, set out, commence",,02372362-v,"perform an action, or work out or perform (an action)","act, do",,x,
00414801-v,take up residence and become established,"settle, locate",,02372362-v,"perform an action, or work out or perform (an action)","act, do",,x,
00555375-v,throw into disorder,disrupt,,02372362-v,"perform an action, or work out or perform (an action)","act, do",,x,
00572138-v,get rid of something abstract,"remove, take away",,02372362-v,"perform an action, or work out or perform (an action)","act, do",,x,
01208316-v,be in direct physical contact with; make contact,"touch, adjoin, meet, contact",,02372362-v,"perform an action, or work out or perform (an action)","act, do",,x,
01208838-v,"make physical contact with, come in contact with",touch,,02372362-v,"perform an action, or work out or perform (an action)","act, do",,x,
01219607-v,be the physical support of; carry the weight of,"hold, support, sustain, hold up",,02372362-v,"perform an action, or work out or perform (an action)","act, do",,x,
01318273-v,"try to locate or discover, or try to establish the existence of","search, seek, look for",,02372362-v,"perform an action, or work out or perform (an action)","act, do",,x,
01335412-v,provide with a covering or cause to be covered,cover,,02372362-v,"perform an action, or work out or perform (an action)","act, do",,x,
01357376-v,"connect, fasten, or put together two or more pieces","connect, link, tie, link up",,02372362-v,"perform an action, or work out or perform (an action)","act, do",,x,
01377960-v,strike and dash about in a liquid,splash,,02372362-v,"perform an action, or work out or perform (an action)","act, do",,x,
01399864-v,"give a beating to; subject to a beating, either as a punishment or as an act of aggression","beat, beat up, work over",,02372362-v,"perform an action, or work out or perform (an action)","act, do",,x,
01477180-v,"release, as from one's grip","let go of, let go, release, relinquish",,02372362-v,"perform an action, or work out or perform (an action)","act, do",,x,
01541851-v,"take in, also metaphorically","absorb, suck, imbibe, soak up, sop up, suck up, draw, take in, take up",,02372362-v,"perform an action, or work out or perform (an action)","act, do",,x,
01566925-v,destroy completely; damage irreparably,"destroy, ruin",,02372362-v,"perform an action, or work out or perform (an action)","act, do",,x,
00772482-v,cause to do; cause to act in a specified manner,"induce, stimulate, cause, have, get, make",,02372362-v,"perform an action, or work out or perform (an action)","act, do",,x,
00807038-v,be in accord; be in agreement,"agree, hold, concur, concord",,02372362-v,"perform an action, or work out or perform (an action)","act, do",,x,
00922307-v,"find out, learn, or determine with certainty, usually by making an inquiry or other effort","determine, check, find out, see, ascertain, watch, learn",,02372362-v,"perform an action, or work out or perform (an action)","act, do",,x,
01037402-v,"achieve harmony of opinion, feeling, or purpose",agree,,02372362-v,"perform an action, or work out or perform (an action)","act, do",,x,
01072799-v,"begin to speak, understand, read, and write a language",begin,,02372362-v,"perform an action, or work out or perform (an action)","act, do",,x,
02205200-v,give as a present; make a gift of,"give, gift, present",,02372362-v,"perform an action, or work out or perform (an action)","act, do",,x,
02210054-v,take into one's possession,take,,02372362-v,"perform an action, or work out or perform (an action)","act, do",,x,
02211401-v,conquer by force,take,,02372362-v,"perform an action, or work out or perform (an action)","act, do",,x,
02214718-v,make use of or accept for some purpose,"take, accept",,02372362-v,"perform an action, or work out or perform (an action)","act, do",,x,
02215637-v,come into the possession of something concrete or abstract,"get, acquire",,02372362-v,"perform an action, or work out or perform (an action)","act, do",,x,
02228837-v,dispose of,"get rid of, remove",,02372362-v,"perform an action, or work out or perform (an action)","act, do",,x,
02232523-v,give up with the intent of never claiming again,"abandon, give up",,02372362-v,"perform an action, or work out or perform (an action)","act, do",,x,
02294039-v,be debited and credited to the proper bank accounts,clear,,02372362-v,"perform an action, or work out or perform (an action)","act, do",,x,
02355171-v,relieve from,"rid, free, disembarrass",,02372362-v,"perform an action, or work out or perform (an action)","act, do",,x,
01775456-v,undergo an emotional sensation or be in a particular state of mind,"feel, experience",,02110960-v,,perceive,,,
01818782-v,give moral or emotional strength to,"comfort, soothe, console, solace",,02372362-v,"perform an action, or work out or perform (an action)","act, do",,x,
02418610-v,exert oneself by doing mental or physical work for a purpose or out of necessity; work,work,,02376902-v,make a great effort at a mental or physical task,exert,x,,
02414542-v,engage or hire for work,"hire, engage, employ",,02372362-v,"perform an action, or work out or perform (an action)","act, do",x,,
02423521-v,engage in recreational activities rather than work; occupy oneself in a diversion,"play, recreate",,02372362-v,"perform an action, or work out or perform (an action)","act, do",x,,
02566500-v,engage in,"make, do",,02372362-v,"perform an action, or work out or perform (an action)","act, do",,x,
02574587-v,carry out or practice; as of jobs and professions,"practice, practise, exercise, do",,02372362-v,"perform an action, or work out or perform (an action)","act, do",x,,
02621023-v,pursue a positive and satisfying existence,live,,02609706-v,,exist,x,,
01074673-v,compete for something; engage in a contest; measure oneself against others,"compete, vie, contend",,02372362-v,"perform an action, or work out or perform (an action)","act, do",x,,
02265169-v,engage in the trade of,"trade, merchandise",,02372362-v,"perform an action, or work out or perform (an action)","act, do",x,,
02439706-v,to take one's place in a military formation or line,fall in,,02399325-v,"assume, as of positions or roles","fill, take, occupy",x,,
02440987-v,remove the organization from,"disorganize, disorganise",,00126072-v,,change,x,,
02450790-v,"work in a specific place, with a specific subject, or in a specific function","be, follow",,02415985-v,be employed,"work, do work",x,,
02423786-v,be at play; be engaged in playful activity; amuse oneself in a way characteristic of children,play,02372362-v,02372362-v,"be engaged in an activity, often for no particular purpose other than pleasure",act,x,,
02424366-v,drive without any particular aim,drive around,02372362-v,02372362-v,"be engaged in an activity, often for no particular purpose other than pleasure",act,x,,
02424538-v,walk randomly,walk around,02372362-v,02372362-v,"be engaged in an activity, often for no particular purpose other than pleasure",act,x,,
02428446-v,allow the other (baseball) team to score,"give up, allow",,02427979-v,make it possible through a specific action or lack of action for something to happen,"let, allow, permit",x,,
02201537-v,allow to go out of sight or mind,lose,,02372362-v,"perform an action, or work out or perform (an action)","act, do",x,,
01209769-v,to hold fast or prevent from moving,"trap, pin, immobilize, immobilise",,02446762-v,"take and maintain control over, often by violent means",hold,x,,
00415969-v,form a community,settle,,02453050-v,create (as an entity),"form, organize, organise",x,,
00020442-v,prevent from going to bed at night,keep up,,02455370-v,stop (someone or something) from doing something or being in a certain state,"prevent, keep",x,,
02149298-v,prevent from being seen or discovered,"hide, conceal",,02372362-v,"perform an action, or work out or perform (an action)","act, do",,x,
00233707-v,prevent the action or expression of,"restrain, keep, keep back, hold back",,02372362-v,"perform an action, or work out or perform (an action)","act, do",,x,
02136428-v,observe or determine by looking,watch,,02460829-v,follow with the eyes or the mind,"watch, observe, follow, watch over, keep an eye on",x,,
02378876-v,insist on having one's opinions and rights recognized,"assert, put forward",00010428-v,,,,,,
02382855-v,behave in a certain way towards others,deal,00010428-v,,,,,,
02524291-v,behave in a certain manner or have certain properties,walk around,00010428-v,,,,,,
02524849-v,behave affectedly or unnaturally in order to impress others,"pose, posture",00010428-v,,,,,,
01796002-v,be flustered; behave in a confused manner,fluster,00010428-v,,,,,,
00077122-v,manage not to throw up,keep down,,02372362-v,"perform an action, or work out or perform (an action)","act, do",,x,
02664361-v,be verified or confirmed; pass inspection,"check, check out",,02530710-v,go successfully through a test or a selection process,"pass, make it",x,,
02627934-v,act as a barrier between; stand between,"separate, divide",,02531113-v,have an effect or outcome; often the one desired or expected,"work, act",,x,
01102003-v,fail to win,lose,,02534046-v,be unsuccessful,"fail, go wrong, miscarry",x,,
01240465-v,fail to reach,miss,,02534046-v,be unsuccessful,"fail, go wrong, miscarry",x,,
02529187-v,fail to get a passing grade,"fail, flunk, bomb, flush it",,02534950-v,fail to do something; leave something undone,"fail, neglect",x,,
02674312-v,fail to agree with; be in violation of; as of rules or patterns,"violate, go against, break",,02669219-v,,contradict,x,,
02677550-v,"fail to satisfy, as of expectations, for example",fall short of,,02534950-v,fail to do something; leave something undone,"fail, neglect",x,,
02123706-v,fail to notice,ignore,,02372362-v,"perform an action, or work out or perform (an action)","act, do",x,,
02132318-v,fail to perceive or to catch with the senses or the mind,"miss, lose",,02372362-v,"perform an action, or work out or perform (an action)","act, do",x,,
00617843-v,fail to attend to,neglect,,02372362-v,"perform an action, or work out or perform (an action)","act, do",x,,
02292634-v,"fail to keep or to maintain; cease to have, either physically or in an abstract sense",lose,,02372362-v,"perform an action, or work out or perform (an action)","act, do",x,,
02293000-v,fail to get or obtain,lose,,02372362-v,"perform an action, or work out or perform (an action)","act, do",x,,
02293733-v,fail to make money in a business; make a loss or fail to profit,"lose, turn a loss",,02372362-v,"perform an action, or work out or perform (an action)","act, do",x,,
02538552-v,"try something new, as in order to gain experience","experiment, try out",,02535833-v,make an effort or attempt,"try, seek, attempt, essay, assay",x,,
00077211-v,make an unsuccessful effort to vomit; strain to vomit,"gag, heave, retch",,01835473-v,,move,x,,
02584957-v,conform one's action or practice to,"observe, keep",,02547977-v,"act in accordance with someone's rules, commands, or wishes","comply, follow, abide by",x,,
02545454-v,look after a child until it is an adult,"rear, raise, bring up, nurture, parent",,02555993-v,provide care for,"care, give care",x,,
02557299-v,save from sins,"deliver, redeem, save",,02557529-v,bring into safety,"save, carry through, pull through, bring through",x,,
01746607-v,foster the growth of,cultivate,,02560130-v,promote the growth of,"foster, further",x,,
00099475-v,do physical exercise,"exercise, work out",,02372362-v,"perform an action, or work out or perform (an action)","act, do",x,,
00619438-v,to make a mistake or be incorrect,"err, mistake, slip",,02372362-v,"perform an action, or work out or perform (an action)","act, do",x,,
01903010-v,give the calls (to the dancers) for a square dance,"call, call off",,02568816-v,emit or utter,give,x,,
02422604-v,be idle; exist in a changeless situation,"idle, laze, slug, stagnate",,02372362-v,,act,x,,
02383421-v,"be inactive, as if asleep",lie dormant,,02740213-v,,lie,x,,
02411715-v,be the successor (of),"succeed, come after, follow",,00343467-v,,come,,x,
02412896-v,be the predecessor of,"precede, come before",,00343467-v,,come,,x,
02415985-v,be employed,"work, do work",,02376902-v,,exert,x,,
02417219-v,be relieved of one's duties temporarily,get off,,02686624-v,,stop,x,,
02479313-v,be guided by in voting,vote,,00676526-v,,choose,x,,
02527985-v,fall short in what is expected,fail,,02372362-v,"perform an action, or work out or perform (an action)","act, do",x,,
02534046-v,be unsuccessful,"fail, go wrong, miscarry",,02372362-v,"perform an action, or work out or perform (an action)","act, do",x,,
02587760-v,be the defense counsel for someone in a trial,"defend, represent",,01621566-v,advance or set forth in court,"institute, bring",x,,
02601837-v,"be inactive, refrain from acting",rest,,02372362-v,"perform an action, or work out or perform (an action)","act, do",x,,
02605525-v,be unable,fail,,02372362-v,"perform an action, or work out or perform (an action)","act, do",x,,
02609706-v,"have an existence, be extant","exist, be",,,,,,,Top-level concept
02622439-v,be identical to; be someone or something,be,,02681865-v,,pertain,,,Top-level concept
02636270-v,have as a feature,"have, feature",,02208144-v,,have,,,
02638434-v,be without,"miss, lack",,,,,,,Top-level concept
02638919-v,be absent,miss,,02609706-v,,exist,x,,
02650318-v,"be larger in number, quantity, power, status or importance","predominate, dominate, rule, reign, prevail",,02382049-v,,interact,x,,
02659957-v,be awarded; be allotted,go,,02225243-v,,transfer,x,,
02661230-v,occupy a certain position or area; be somewhere,be,,02609706-v,,exist,x,,
02669057-v,"be similar, be in line with",conform,,02663315-v,,correspond,x,,
02669926-v,"be dependent on, as for support or maintenance","depend on, rely on",,02634015-v,,require,x,,
02670846-v,be identical or equivalent to,"equal, be",,02622439-v,,be,,,Top-level concept
02671069-v,be tantamount or equivalent to,amount,,02670846-v,be identical or equivalent to,"equal, be",x,,
02675266-v,be greater in scope or size than some standard,"exceed, transcend, surpass",,02663315-v,,correspond,,,
02681865-v,be relevant to,"refer, pertain, relate, concern, come to, bear on, touch, touch on, have to do with",,,,,,,Top-level concept
02684248-v,be on the mind of,"concern, interest, occupy, worry",,00630153-v,,think,x,,
02685037-v,"be the first item or point, constitute the beginning or start, come first in a series",begin,,02609706-v,,exist,x,,
02693227-v,be ahead of others; be the first,"lead, top",,02609706-v,,exist,x,,
02706632-v,be contained in,go,,00643760-v,,divide,x,,
02711692-v,be noncommittal,straddle,,00633399-v,,think,x,,
02713289-v,be applicable to; as to an analysis,"lend oneself, apply",,02663315-v,,correspond,x,,
02716276-v,be adjacent or come together,"converge, meet",,02009962-v,,come,x,,
02717862-v,be contingent on,"depend on, devolve on, depend upon, ride, turn on, hinge on, hinge upon",,02634015-v,,require,x,,
02718318-v,be earlier in time; go back further,"predate, precede, forego, forgo, antecede, antedate",,02412896-v,,come before,x,,
02718647-v,be later in time,"postdate, follow",,02726229-v,,come after,x,,
02722040-v,be present or associated with an event or entity,"attach to, accompany, come with, go with",,02382049-v,,interact,,,
02724891-v,be in a huff and display one's displeasure,"sulk, pout, brood",,01775456-v,,feel,x,,
02725805-v,be a part or adjunct,"belong to, belong",,02681865-v,,pertain,,,Top-level concept
02742134-v,be used or required for,go into,,02561616-v,,contribute,x,,
02743062-v,"come from; be connected by a relationship of blood, for example","derive, come, descend",,02463535-v,,relate,x,,
02746620-v,be confronted with,have,,02110960-v,,perceive,x,,
02746734-v,be sufficiently competent in a certain situation,hold one's own,,02529837-v,,succeed,x,,
02746878-v,be exhibited,hang,,00426920-v,,appear,x,,
02747024-v,"have a range; be capable of projecting over a certain distance, as of a gun",range,,02727159-v,,go,x,,
90001891-v,to be temporarily popular,trend,,01382787-v,,spread,x,,
02764784-v,"be very cold, below the freezing point",freeze,,00122978-v,,change,x,,
01190875-v,"be sated, have enough to eat",be full,,,,,,,Delete
01852297-v,be stationary,stay in place,,02661230-v,,be,x,,
01948111-v,"be suspended in the air, as if in defiance of gravity","levitate, hover",,01944262-v,,fly,x,,
02103242-v,be or come between,interpose,,00343467-v,,come,x,,
00014542-v,be in a state of action,"be active, move",,02372362-v,"perform an action, or work out or perform (an action)","act, do",x,,
00020126-v,"be awake, be alert, be there",wake,,00122978-v,,change,x,,
00052091-v,be dressed in,"wear, have on",,02208144-v,,have,x,,
00057124-v,be in confinement for childbirth,lie in,,02696550-v,,lie,x,,
02194523-v,be unbearably loud,deafen,,02180712-v,,sound,x,,Suspicious verb sense
00593432-v,be received or understood,"resonate, come across",,00744289-v,,pass,x,,
00595453-v,be understanding of,"sympathize, sympathise, empathize, empathise, understand",,01775456-v,,feel,x,,
00595732-v,be familiar or acquainted with a person or an object,know,,00596016-v,,know,x,,
00596900-v,be ignorant of or in the dark about,ignore,,02638434-v,,lack,,x,
00597330-v,know how to do or perform something,know,,00596016-v,,know,x,,
00602976-v,be immersed in,welter,,01571714-v,,surround,,x,
00608800-v,be a student; follow a course of study; be enrolled at an institute of learning,study,,02376902-v,,exert,x,,
00610362-v,be capable of conscious thought,think,,02609706-v,,exist,x,,
00360745-v,be survived by after one's death,"leave, leave behind",,00615374-v,,leave,x,,
01436773-v,be accompanied by,bring,,02081903-v,,bring,x,,
01484449-v,be placed in position as by a hinge,hang,,02661230-v,,be,x,,
01484587-v,be suspended or poised,hang,,02661230-v,,be,x,,
01484705-v,be suspended or hanging,hang,,02661230-v,,be,x,,
01545905-v,be in a position in which one's upper body is largely upright and supported by one's backside,"sit, sit down",,01548665-v,,rest,x,,
01549783-v,"be lying, be prostrate; be in a horizontal position",lie,,01548665-v,,rest,x,,
00806464-v,be of different opinions,"disagree, differ, dissent, take issue",,00630153-v,,think,x,,
00820635-v,be emphatic or resolute and refuse to budge,"insist, take a firm stand",,00630153-v,,think,x,,
00933814-v,denote or connote,"mean, intend, signify, stand for",,00833312-v,,inform,x,,
00937173-v,be made known; be disclosed or revealed,"out, come out",,00427534-v,,emerge,x,,
00938019-v,be released or become known; of news,"break, get out, get around",,00427534-v,,emerge,x,,
00975760-v,be broadcast,air,,00426920-v,,appear,x,,
01031401-v,be called; go by a certain name,"go by, go under",,01161188-v,,use,,,
02208144-v,"have or possess, either in a concrete or an abstract sense","have, have got, hold",,,,,,Top-level concept,
02258963-v,be obliged to pay or repay,owe,,02463535-v,,relate,,,
01780873-v,be fond of,like,,00595732-v,,know,x,,
01784253-v,be uneasy or apprehensive about,fear,,00595732-v,,know,x,,
01811849-v,be attractive to,"attract, appeal",,01771801-v,,affect,x,,
02693093-v,occur in soft rounded shapes,"roll, undulate",,02618403-v,to be found to exist,occur,x,,
02602272-v,attend a dance or a party without a female companion,stag,,02618797-v,"be present at (meetings, church services, university), etc.","attend, go to",x,,
02625819-v,live longer than,"outlive, outlast, survive",,02620216-v,"have life, be alive","be, live",x,,
00104622-v,eliminate (a substance),"exhaust, discharge, expel, eject, release",,02635337-v,get rid of something,"obviate, rid of, eliminate",x,,
02292463-v,miss from one's possessions; lose sight of,lose,,02638434-v,be without,"miss, lack",x,,
00561324-v,prove insufficient,"fail, run out, give out",,02615799-v,,stop,x,,
02646524-v,pause or hold back in uncertainty or unwillingness,"hesitate, waver, waffle",,02647119-v,interrupt temporarily an activity before continuing,"hesitate, pause",x,,
02483178-v,postpone indefinitely or annul something that was scheduled,"cancel, call off, scratch, scrub",,02648898-v,hold back to a later time,"postpone, prorogue, hold over, put over, table, shelve, set back, defer, remit, put off",x,,
02648694-v,postpone or delay needlessly,procrastinate,,02648898-v,hold back to a later time,"postpone, prorogue, hold over, put over, table, shelve, set back, defer, remit, put off",x,,
01533912-v,occupy a trench or secured area,"entrench, dig in",,02655144-v,occupy the whole of,"occupy, fill",x,,
02528887-v,carry on or function,"do, manage",,02685709-v,keep or maintain in unaltered condition; cause to remain or last,"continue, uphold, carry on, bear on, preserve",x,,
02431242-v,cease to operate or cause to cease operating,"close up, close, fold, shut down, close down",,02686624-v,put an end to a state or an activity,"discontinue, stop, cease, give up, quit, lay off",x,,
02436167-v,discontinue an association or relation; go different ways,"separate, part, split up, split, break, break up",,02686624-v,put an end to a state or an activity,"discontinue, stop, cease, give up, quit, lay off",x,,
02455370-v,stop (someone or something) from doing something or being in a certain state,"prevent, keep",,02372362-v,"perform an action, or work out or perform (an action)","act, do",x,,
02679419-v,throw out of balance or equilibrium,unbalance,,00126072-v,,change,x,,
02767855-v,"put out, as of fires, flames, or lights","snuff out, blow out, extinguish, quench",,02686624-v,put an end to a state or an activity,"discontinue, stop, cease, give up, quit, lay off",x,,
00611721-v,dismiss from the mind; stop remembering,"forget, bury",,02292634-v,,lose,x,,
00614907-v,stop maintaining or insisting on; of ideas or claims,"abandon, give up",,02372362-v,"perform an action, or work out or perform (an action)","act, do",x,,
01085437-v,give up in the face of defeat of lacking hope; admit defeat,"drop out, give up, fall by the wayside, drop by the wayside, throw in, throw in the towel, quit, chuck up the sponge",,02686624-v,put an end to a state or an activity,"discontinue, stop, cease, give up, quit, lay off",x,,
01118865-v,cease opposition; stop fighting,yield,,02686624-v,put an end to a state or an activity,"discontinue, stop, cease, give up, quit, lay off",x,,
01618895-v,stop using,"put away, put aside",,02686624-v,put an end to a state or an activity,"discontinue, stop, cease, give up, quit, lay off",x,,
02458316-v,keep from happening or arising; make impossible,"prevent, forestall, foreclose, preclude, forbid",,02372362-v,"perform an action, or work out or perform (an action)","act, do",,,
02150244-v,"be or go into hiding; keep out of sight, as for protection and safety","hide, hide out",,02372362-v,,act,x,,
02151220-v,hold back; keep from being perceived by others,"conceal, hold back, hold in",,02687605-v,"cause to continue in a certain state, position, or activity","keep, maintain, hold",x,,
02203116-v,keep under surveillance,"surveil, follow, survey",,02173796-v,,observe,x,,
00613035-v,"call to remembrance; keep alive the memory of someone or something, as in a ceremony","commemorate, remember",,02584595-v,,observe,x,,
01116393-v,maintain a required pace or level,keep up,,02687605-v,"cause to continue in a certain state, position, or activity","keep, maintain, hold",x,,
00118572-v,keep informed,"keep up, keep abreast, follow",,02173796-v,,observe,x,,
02624202-v,continue to live and avoid dying,"survive, last, live, live on, go, endure, hold up, hold out",,02690747-v,"continue a certain state, condition, or activity","continue, go on, proceed, go along, keep",x,,
00813037-v,stay clear from; keep away from; keep out of the way of someone or something,avoid,,00798638-v,,reject,x,,
02715780-v,extend in a different direction,diverge,,02691775-v,"stretch out over a distance, space, time, or scope; run or extend between two points or beyond a certain point","run, go, pass, lead, extend",x,,
01068455-v,"present somebody with something, usually to accuse or criticize","confront, face, present",,00775012-v,,present,,x,
02468933-v,refrain from doing something,avoid,,02731589-v,resist doing something,"refrain, forbear",,x,
00939649-v,refrain from divulging sensitive information; keep quiet about confidential information,"keep quiet, shut one's mouth, keep one's mouth shut",,02731589-v,resist doing something,"refrain, forbear",,x,
01042933-v,refuse to talk or stop talking; fall silent,"close up, clam up, dummy up, shut up, belt up, button up, be quiet, keep mum",,02731589-v,resist doing something,"refrain, forbear",,x,
01838427-v,remain in place; hold still; remain fixed or immobile,stand still,,02733337-v,"continue in a place, position, or situation","stay, stay on, continue, remain",x,,
01779986-v,to remain emotionally or intellectually attached,cling,,02543752-v,,attach,x,,
02252172-v,be sold for a certain price,"fetch, bring in, bring",,02733758-v,be sold at a certain price or in a certain way,sell,x,,
02202019-v,be perceived by,greet,,02736201-v,be beset by,"run into, encounter",,x,
02653900-v,endure,stick,01861378-v,01861378-v,stay behind,"persist, remain, stay",x,,
02737117-v,remain present although waning or gradually dying,linger,01861378-v,01861378-v,stay behind,"persist, remain, stay",x,,
02013215-v,remain behind,stay,,01861378-v,stay behind,"persist, remain, stay",x,,
02633747-v,come from,originate in,,02749089-v,be a native of,"hail, come",x,,
02776128-v,"rain, hail, or snow hard and be very windy, often with thunder or lightning",storm,,02762779-v,fall from clouds,"precipitate, come down, fall",x,,
02769698-v,"emit light; be bright, as of the sun or a light","shine, beam",,02773266-v,"give off, send forth, or discharge; as of light, heat, or radiation, vapor, etc.","emit, give out, give off",,x,
02139513-v,give off a certain sound or sounds,sound,,02773266-v,"give off, send forth, or discharge; as of light, heat, or radiation, vapor, etc.","emit, give out, give off",,x,
02663315-v,,,02670846-v,02622439-v,,be,,,
02753584-v,,continue,,00340744-v,,happen,,,
01860082-v,,move in,,01839438-v,,move,,,
02598823-v,,tutor,,02463535-v,,relate,,,
01019231-v,,predicate,,02463535-v,,relate,,,
02145254-v,,close,,00353480-v,,end,,,
02364227-v,,carry,,02208144-v,,have,,,
00739481-v,,"grab, seize",,01825361-v,,interest,,,